-- phpMyAdmin SQL Dump
-- version 4.0.9
-- http://www.phpmyadmin.net
--
-- โฮสต์: localhost
-- เวลาในการสร้าง: 08 พ.ย. 2014  04:48น.
-- เวอร์ชั่นของเซิร์ฟเวอร์: 5.5.34
-- รุ่นของ PHP: 5.4.22

SET SQL_MODE = "NO_AUTO_VALUE_ON_ZERO";
SET time_zone = "+00:00";


/*!40101 SET @OLD_CHARACTER_SET_CLIENT=@@CHARACTER_SET_CLIENT */;
/*!40101 SET @OLD_CHARACTER_SET_RESULTS=@@CHARACTER_SET_RESULTS */;
/*!40101 SET @OLD_COLLATION_CONNECTION=@@COLLATION_CONNECTION */;
/*!40101 SET NAMES utf8 */;

--
-- ฐานข้อมูล: `db_sdu_sar`
--

-- --------------------------------------------------------

--
-- โครงสร้างตาราง `attachments`
--

CREATE TABLE IF NOT EXISTS `attachments` (
  `at_id` int(11) NOT NULL AUTO_INCREMENT COMMENT 'รหัสไฟล์',
  `at_name` varchar(1000) COLLATE utf8_unicode_ci DEFAULT NULL COMMENT 'ชื่อไฟล์',
  `at_link` varchar(1000) COLLATE utf8_unicode_ci DEFAULT NULL COMMENT 'ลิงค์ไฟล์',
  `p_id` int(11) DEFAULT NULL COMMENT 'รหัสบุคลากร',
  `pe_id` int(11) NOT NULL DEFAULT '0' COMMENT 'รหัสผลการดำเนินงาน',
  PRIMARY KEY (`at_id`)
) ENGINE=InnoDB  DEFAULT CHARSET=utf8 COLLATE=utf8_unicode_ci COMMENT='ไฟล์แนบ' AUTO_INCREMENT=53 ;

--
-- dump ตาราง `attachments`
--

INSERT INTO `attachments` (`at_id`, `at_name`, `at_link`, `p_id`, `pe_id`) VALUES
(51, 'การเลือก_262.png', 'การเลือก_262.png', 0, 78),
(52, '10751921_697525543666582_1703080045_n.jpg', '10751921_697525543666582_1703080045_n.jpg', 0, 88);

-- --------------------------------------------------------

--
-- โครงสร้างตาราง `category`
--

CREATE TABLE IF NOT EXISTS `category` (
  `ca_id` int(11) NOT NULL AUTO_INCREMENT COMMENT 'รหัสประเภท',
  `ca_name` varchar(1000) COLLATE utf8_unicode_ci NOT NULL COMMENT 'ชื่อประเภท',
  PRIMARY KEY (`ca_id`)
) ENGINE=InnoDB DEFAULT CHARSET=utf8 COLLATE=utf8_unicode_ci COMMENT='ประเภท มคอ' AUTO_INCREMENT=1 ;

-- --------------------------------------------------------

--
-- โครงสร้างตาราง `degree`
--

CREATE TABLE IF NOT EXISTS `degree` (
  `d_id` int(11) NOT NULL AUTO_INCREMENT COMMENT 'รหัสปริญญา',
  `d_name` varchar(1000) COLLATE utf8_unicode_ci NOT NULL COMMENT 'ชื่อปริญญา',
  `d_level` int(1) NOT NULL DEFAULT '0' COMMENT 'ระดับ',
  `p_id` int(11) NOT NULL COMMENT 'รหัสบุคลากร',
  PRIMARY KEY (`d_id`)
) ENGINE=InnoDB  DEFAULT CHARSET=utf8 COLLATE=utf8_unicode_ci COMMENT='ปริญญา' AUTO_INCREMENT=39 ;

--
-- dump ตาราง `degree`
--

INSERT INTO `degree` (`d_id`, `d_name`, `d_level`, `p_id`) VALUES
(1, 'ศ.บ.(คอมพิวเตอร์) มหาวิทยาลัยเชียงใหม่ (พ.ศ.2537)', 3, 1),
(2, 'วท.ม.(การจัดการระบบสารสนเทศ) สถาบันบัณฑิตพัฒนบริหารศาสตร์(พ.ศ.2542)', 2, 1),
(3, 'Ph.D.(Computer Science) University Techonology of Malasia, Malaysia (ค.ศ.2010)', 1, 1),
(4, 'คบ. (คอมพิวเตอร์ศึกษา) สถาบันราชภัฏสวนสุนันทา (พ.ศ.2540)', 3, 2),
(5, 'วท.ม. (วิทยาการคอมพิวเตอร์) มหาวิทยาลัยรังสิต (พ.ศ.2545)', 2, 2),
(6, 'ปร.ด. (เทคโนโลยีสารสนเทศ) มหาวิทยาลัยรังสิต (พ.ศ.2554)', 1, 2),
(7, 'วท.บ. (วิทยาการคอมพิวเตอร์) สถาบันราชราชภัฏสวนดุสิต (พ.ศ.2545)', 3, 3),
(8, 'วท.ม. (เทคโนโลยีสารสนเทศ)สถาบันเทคโนโลยีพระจอมเกล้าพระนครเหนือ (พ.ศ.2549)', 2, 3),
(9, 'วท.บ. (วิทยาการคอมพิวเตอร์) มหาวิทยาลัยรามคำแหง (พ.ศ.2538)', 3, 4),
(10, 'วท.ม. (วิทยาการคอมพิวเตอร์) สถาบันบัณฑิตพัฒนบริหารศาสตร์ (พ.ศ.2548)', 3, 4),
(11, 'คอ.บ. (วิศวกรรมคอมพิวเตอร์) สถาบันเทคโนโลยีราชมงคล (พ.ศ.2540)', 3, 5),
(12, 'วท.ม. (เทคโนโลยีสารสนเทศ) สถาบันเทคโนโลยีพระจอมเกล้าพระนครเหนือ (พ.ศ.2545)', 2, 5),
(13, 'วท.บ. (สถิติ) มหาวิทยาลัยรามคำแหง (พ.ศ.2520)', 3, 7),
(14, 'พบ.ม. (สถิติประยุกต์ สาขาคอมพิวเตอร์) สถาบันบัณฑิตพัฒนบริหารศาสตร์ (พ.ศ.2528)', 2, 7),
(15, 'สศ.บ. (สาธารณสุขศาสตร์) มหาวิทยาลัยสุโขทัยธรรมาธิราช (พ.ศ.2532)', 3, 8),
(16, 'วท.บ. (วิทยาการคอมพิวเตอร์) วิทยาลัยครูอุบลราชธานี (พ.ศ.2537)', 2, 8),
(17, 'วท.ม. (วิทยาการคอมพิวเตอร์) จุฬาลงกรณ์มหาวิทยาลัย (พ.ศ.2542)', 1, 8),
(18, 'วท.บ. (วิทยาการคอมพิวเตอร์) วิทยาลัยครูเพชรบุรี (พ.ศ.2535)', 3, 9),
(19, 'วท.ม. (วิทยาการคอมพิวเตอร์) สถาบันบัณฑิตพัฒนบริหารศาสตร์ (พ.ศ.2542)', 2, 9),
(20, 'Ph.D.(Computer Science) University Techonology of Malasia, Malaysia (ค.ศ.2008)', 1, 9),
(21, 'พย.บ. (พยาบาลศาสตร์) วิทยาลัยพยาบาลเกื้อการุณย์ (พ.ศ.2538)', 3, 10),
(22, 'วท.ม. (สถิติประยุกต์) สถาบันบัณฑิตพัฒนบริหารศาสตร์ (พ.ศ.2544)', 2, 10),
(23, 'Ph.D.(Computer Science) University Techonology of Malasia, Malaysia (ค.ศ.2011)', 1, 10),
(24, 'วท.บ. (วิทยาการคอมพิวเตอร์) มหาวิทยาลัยกรุงเทพ (พ.ศ.2535)', 3, 11),
(25, 'บธ.ม. (การเงินการธนาคาร) มหาวิทยาลัยศรีปธุม (พ.ศ.2542)', 2, 11),
(26, 'วศ.บ. (วิศวกรรมไฟฟ้า) มหาวิทยาลัยเกษตรศาสตร์ (พ.ศ.2543)', 3, 12),
(27, 'M.E. (Micro-Electronic) Asian Institute of Technology (ค.ศ.2543)', 2, 12),
(28, 'คบ.บ. (อิเล็กทรอนิกส์และคอมพิวเตอร์ศึกษา) สถบันเทคโนโลยีพระจอมเกล้าคุณทหารลาดกระบัง (พ.ศ.2540)', 3, 13),
(29, 'วท.ม. (คอมพิวเตอร์ศึกษา) สถาบันเทคโนโลยีพระจอมเกล้าคุณทหารลาดกระบัง (พ.ศ.2547)', 2, 13),
(30, 'วท.บ. (วิทยาการคอมพิวเตอร์) สถาบันราชราชภัฏจันทรเกษม (พ.ศ.2543)', 3, 14),
(31, 'วท.ม. (เทคโนโลยีสารสนเทศ) มหาวิทยาลัยนเรศวร (พ.ศ.2547)', 2, 14),
(32, 'ค.บ. (คอมพิวเตอร์ศึกษา) สถาบันราชภัฏสวนดุสิต (พ.ศ.2545)', 3, 15),
(33, 'วท.ม.(การจัดการระบบสารสนเทศสิ่งแวดล้อมและทรัพยากร) มหาวิทยาลัยมหิดล (พ.ศ.2549)', 2, 15),
(34, 'ศษ.บ. (บริหารธุรกิจ) มหาวิทยาลัยเชียงใหม่ (พ.ศ.2541)', 3, 16),
(35, 'ค.บ. (ภาษาอังกฤษ) สถาบันราชภัฏเลย (พ.ศ.2546)', 2, 16),
(36, 'MIT (Master of Information Technology) Queensland University of Technology, Australia (ค.ศ.2008)', 1, 16),
(37, 'วท.บ. (วิทยาการคอมพิวเตอร์) สถาบันราชราชภัฏสวนดุสิต (พ.ศ.2546)', 3, 17),
(38, 'คอ.ม. (เทคโนโลยีคอมพิวเตอร์) สถาบันเทคโนโลยีพระจอมเกล้าพระนครเหนือ (พ.ศ.2552)', 2, 17);

-- --------------------------------------------------------

--
-- โครงสร้างตาราง `expert`
--

CREATE TABLE IF NOT EXISTS `expert` (
  `ex_id` int(11) NOT NULL AUTO_INCREMENT COMMENT 'รหัสวิทยากร',
  `ex_name` varchar(1000) COLLATE utf8_unicode_ci NOT NULL COMMENT 'ชื่อวิทยากร',
  `ex_teach` varchar(200) COLLATE utf8_unicode_ci NOT NULL COMMENT 'ชื่อเรื่องที่สอน',
  `ex_address` varchar(200) COLLATE utf8_unicode_ci NOT NULL COMMENT 'สอนที่ไหน',
  `ex_date` varchar(100) COLLATE utf8_unicode_ci NOT NULL COMMENT 'วันที่สอน',
  `ex_time` varchar(100) COLLATE utf8_unicode_ci NOT NULL COMMENT 'เวลาที่สอน',
  `p_id` int(11) NOT NULL COMMENT 'รหัสบุคลากร',
  PRIMARY KEY (`ex_id`)
) ENGINE=InnoDB  DEFAULT CHARSET=utf8 COLLATE=utf8_unicode_ci COMMENT='วิทยากร' AUTO_INCREMENT=3 ;

--
-- dump ตาราง `expert`
--

INSERT INTO `expert` (`ex_id`, `ex_name`, `ex_teach`, `ex_address`, `ex_date`, `ex_time`, `p_id`) VALUES
(1, 'วิทยากร', '', '', '0000-00-00', '00:00:00', 1),
(2, '1', '2', '3', '4', '5', 1);

-- --------------------------------------------------------

--
-- โครงสร้างตาราง `innovation`
--

CREATE TABLE IF NOT EXISTS `innovation` (
  `in_id` int(11) NOT NULL AUTO_INCREMENT COMMENT 'รหัสนวัตกรรม',
  `in_name` varchar(1000) COLLATE utf8_unicode_ci NOT NULL COMMENT 'ชื่อนวัตกรรม',
  `p_id` int(11) NOT NULL COMMENT 'รหัสบุคลากร',
  PRIMARY KEY (`in_id`)
) ENGINE=InnoDB  DEFAULT CHARSET=utf8 COLLATE=utf8_unicode_ci COMMENT='นวัตกรรม' AUTO_INCREMENT=2 ;

--
-- dump ตาราง `innovation`
--

INSERT INTO `innovation` (`in_id`, `in_name`, `p_id`) VALUES
(1, 'นวัตกรรม', 1);

-- --------------------------------------------------------

--
-- โครงสร้างตาราง `mko`
--

CREATE TABLE IF NOT EXISTS `mko` (
  `mko_id` int(11) NOT NULL AUTO_INCREMENT COMMENT 'รหัส มคอ',
  `mko_name` varchar(1000) COLLATE utf8_unicode_ci NOT NULL COMMENT 'ชื่อ มคอ',
  `p_id` int(11) NOT NULL COMMENT 'รหสบุคลากร',
  PRIMARY KEY (`mko_id`)
) ENGINE=InnoDB  DEFAULT CHARSET=utf8 COLLATE=utf8_unicode_ci COMMENT='มคอ' AUTO_INCREMENT=2 ;

--
-- dump ตาราง `mko`
--

INSERT INTO `mko` (`mko_id`, `mko_name`, `p_id`) VALUES
(1, 'มดอ', 1);

-- --------------------------------------------------------

--
-- โครงสร้างตาราง `personnel`
--

CREATE TABLE IF NOT EXISTS `personnel` (
  `p_id` int(11) NOT NULL AUTO_INCREMENT COMMENT 'รหัส',
  `p_name` varchar(1000) COLLATE utf8_unicode_ci NOT NULL COMMENT 'ชื่อ',
  `p_tel` varchar(1000) COLLATE utf8_unicode_ci NOT NULL COMMENT 'เบอร์โทร',
  `p_email` varchar(1000) COLLATE utf8_unicode_ci NOT NULL COMMENT 'อีเมล์',
  `p_idcard` varchar(13) COLLATE utf8_unicode_ci NOT NULL,
  `p_img` varchar(100) COLLATE utf8_unicode_ci NOT NULL,
  `p_user` varchar(100) COLLATE utf8_unicode_ci NOT NULL,
  `p_pass` varchar(100) COLLATE utf8_unicode_ci NOT NULL,
  `p_status` varchar(100) COLLATE utf8_unicode_ci NOT NULL,
  `p_active` int(11) NOT NULL,
  PRIMARY KEY (`p_id`),
  UNIQUE KEY `p_user` (`p_user`)
) ENGINE=InnoDB  DEFAULT CHARSET=utf8 COLLATE=utf8_unicode_ci COMMENT='บุคลากร' AUTO_INCREMENT=33 ;

--
-- dump ตาราง `personnel`
--

INSERT INTO `personnel` (`p_id`, `p_name`, `p_tel`, `p_email`, `p_idcard`, `p_img`, `p_user`, `p_pass`, `p_status`, `p_active`) VALUES
(1, 'นายศิริลักษณ์ หล่อพันธ์มณี', '', '', '3549900192966', '', 'ีuser1', '1', 'อาจารย์', 1),
(2, 'นางสาวณัฏฐา ผิวมา', '', '', '3620401229679', '', 'ีuser2', '1', 'อาจารย์', 0),
(3, 'นางสาวพิชญ์สินี พุทธิทวีศรี', '', '', '3100202166931', '', 'ีuser3', '1', 'อาจารย์', 0),
(4, 'นายจุฑาวุฒิ จันทรมาลี', '', '', '3319900068612', '', 'ีuser4', '1', 'อาจารย์', 0),
(5, 'นางสาววัจนา ขาวฟ้า', '', '', '3160101250651', '', 'ีuser5', '1', 'อาจารย์', 0),
(7, 'นางสาวนิตณา วิเศษชัยนุสรณ์', '', '', '3101600768443', '', 'ีuser6', '1', 'อาจารย์', 0),
(8, 'นายสุรัตน์ ศรีน้อย', '', '', '3301700376359', '', 'ีuser7', '1', 'อาจารย์', 0),
(9, 'นายวิชชา ฉิมพลี', '', '', '3340700388593', '', 'ีuser8', '1', 'อาจารย์', 0),
(10, 'นางศิริพร ฉิมพลี', '', '', '3730101170724', '', 'ีuser9', '1', 'อาจารย์', 0),
(11, 'นางสาวนภัสศรัณย์ ชัชวาลา', '', '', '3100201110494', '', 'ีuser10', '1', 'อาจารย์', 0),
(12, 'นายกรินทร์ สุมังคะโยธิน', '', '', '3100200200155', '', 'ีuser11', '1', 'อาจารย์', 0),
(13, 'นายนิพัฒน์ มานะกิจภิญโญ', '', '', '3100701094668', '', 'ีuser12', '1', 'อาจารย์', 0),
(14, 'นายปเนต หมายมั่น', '', '', '3670100167437', '', 'ีuser13', '1', 'อาจารย์', 0),
(15, 'นางสาวชัชฎา แก้วพฤกษาพิมล', '', '', '3700500565871', '', 'ีuser14', '1', 'อาจารย์', 0),
(16, 'นางสาวอรศิริ ศิลาสัย', '', '', '3429900016735', '', 'ีuser15', '1', 'อาจารย์', 0),
(17, 'นางสาวดลใจ ฆารเรือง', '', '', '3700800413910', '', 'ีuser16', '1', 'อาจารย์', 0),
(32, 'admin', 'dk', 'dk', 'dk', 'Screenshot from 2014-09-27 08:55:35.png', 'admin', '0000', 'ผู้ดูแลระบบ', 1);

-- --------------------------------------------------------

--
-- โครงสร้างตาราง `project`
--

CREATE TABLE IF NOT EXISTS `project` (
  `pro_id` int(11) NOT NULL AUTO_INCREMENT COMMENT 'รหัสโครงการ',
  `pro_name` varchar(1000) COLLATE utf8_unicode_ci NOT NULL COMMENT 'ชื่อโครงการ',
  `p_id` int(11) NOT NULL COMMENT 'รหัสบุคลากร',
  PRIMARY KEY (`pro_id`)
) ENGINE=InnoDB  DEFAULT CHARSET=utf8 COLLATE=utf8_unicode_ci COMMENT='โครงการ' AUTO_INCREMENT=2 ;

--
-- dump ตาราง `project`
--

INSERT INTO `project` (`pro_id`, `pro_name`, `p_id`) VALUES
(1, 'โครงการ', 1);

-- --------------------------------------------------------

--
-- โครงสร้างตาราง `research`
--

CREATE TABLE IF NOT EXISTS `research` (
  `re_id` int(11) NOT NULL AUTO_INCREMENT COMMENT 'รหัสงานวิจัย',
  `re_name` varchar(1000) COLLATE utf8_unicode_ci NOT NULL COMMENT 'ชื่องานวิจัย',
  `branch` varchar(100) COLLATE utf8_unicode_ci NOT NULL COMMENT 'สาขา',
  `r_page` int(11) NOT NULL COMMENT 'จำนวนหน้า',
  `language` varchar(100) COLLATE utf8_unicode_ci NOT NULL COMMENT 'ภาษาที่ใช้',
  `year` int(11) NOT NULL COMMENT 'ปีที่แล้วเสร็จ',
  `rc_id` int(3) DEFAULT NULL COMMENT 'รหัสหมวดหมุ่',
  `p_id` int(11) NOT NULL COMMENT 'รหัสบุคลากร',
  PRIMARY KEY (`re_id`)
) ENGINE=InnoDB  DEFAULT CHARSET=utf8 COLLATE=utf8_unicode_ci COMMENT='งานวิจัย' AUTO_INCREMENT=2 ;

--
-- dump ตาราง `research`
--

INSERT INTO `research` (`re_id`, `re_name`, `branch`, `r_page`, `language`, `year`, `rc_id`, `p_id`) VALUES
(1, 'เรื่อง', 'สาขา', 1, 'ไทย', 23, 2, 1);

-- --------------------------------------------------------

--
-- โครงสร้างตาราง `research_category`
--

CREATE TABLE IF NOT EXISTS `research_category` (
  `rc_id` int(11) NOT NULL AUTO_INCREMENT,
  `rc_name` varchar(100) COLLATE utf8_unicode_ci NOT NULL,
  `rc_point` float NOT NULL,
  PRIMARY KEY (`rc_id`)
) ENGINE=InnoDB  DEFAULT CHARSET=utf8 COLLATE=utf8_unicode_ci COMMENT='หมวดหมู่งานวิจัย' AUTO_INCREMENT=3 ;

--
-- dump ตาราง `research_category`
--

INSERT INTO `research_category` (`rc_id`, `rc_name`, `rc_point`) VALUES
(1, 'งานวิจัยไทย', 0.3),
(2, 'งานวิจัยนอก', 1);

-- --------------------------------------------------------

--
-- โครงสร้างตาราง `re_indicators_personnel`
--

CREATE TABLE IF NOT EXISTS `re_indicators_personnel` (
  `ip_id` int(11) NOT NULL AUTO_INCREMENT,
  `in_id` int(11) NOT NULL,
  `p_id` int(11) NOT NULL,
  `ip_position` int(11) NOT NULL,
  PRIMARY KEY (`ip_id`)
) ENGINE=InnoDB  DEFAULT CHARSET=utf8 COLLATE=utf8_unicode_ci AUTO_INCREMENT=12 ;

--
-- dump ตาราง `re_indicators_personnel`
--

INSERT INTO `re_indicators_personnel` (`ip_id`, `in_id`, `p_id`, `ip_position`) VALUES
(1, 15, 1, 1),
(2, 16, 1, 1),
(3, 26, 1, 1),
(4, 36, 3, 1),
(5, 36, 17, 1),
(6, 36, 3, 2),
(7, 36, 17, 2),
(8, 36, 3, 3),
(9, 36, 17, 3),
(10, 15, 5, 3),
(11, 31, 5, 2);

-- --------------------------------------------------------

--
-- โครงสร้างตาราง `sar_calculate`
--

CREATE TABLE IF NOT EXISTS `sar_calculate` (
  `ca_id` int(11) NOT NULL AUTO_INCREMENT,
  `ca_name` text COLLATE utf8_unicode_ci NOT NULL,
  `ca_value` double NOT NULL,
  `ca_comment` text COLLATE utf8_unicode_ci NOT NULL,
  `in_id` int(11) NOT NULL,
  `no` int(11) NOT NULL,
  `ca_link` text COLLATE utf8_unicode_ci NOT NULL,
  PRIMARY KEY (`ca_id`)
) ENGINE=InnoDB  DEFAULT CHARSET=utf8 COLLATE=utf8_unicode_ci AUTO_INCREMENT=7 ;

--
-- dump ตาราง `sar_calculate`
--

INSERT INTO `sar_calculate` (`ca_id`, `ca_name`, `ca_value`, `ca_comment`, `in_id`, `no`, `ca_link`) VALUES
(1, 'year', 2556, '0', 17, 1, ''),
(3, 'year', 2556, '0', 18, 1, ''),
(4, 'ba', 1, '0', 17, 1, ''),
(5, 'mba', 3, '0', 17, 1, ''),
(6, 'phd', 1, '0', 17, 1, '');

-- --------------------------------------------------------

--
-- โครงสร้างตาราง `sar_criteria`
--

CREATE TABLE IF NOT EXISTS `sar_criteria` (
  `cr_id` int(11) NOT NULL AUTO_INCREMENT,
  `in_id` int(11) NOT NULL,
  `cr_score` int(11) NOT NULL,
  `performance` int(11) NOT NULL,
  `cr_text` text COLLATE utf8_unicode_ci NOT NULL,
  PRIMARY KEY (`cr_id`)
) ENGINE=InnoDB  DEFAULT CHARSET=utf8 COLLATE=utf8_unicode_ci AUTO_INCREMENT=88 ;

--
-- dump ตาราง `sar_criteria`
--

INSERT INTO `sar_criteria` (`cr_id`, `in_id`, `cr_score`, `performance`, `cr_text`) VALUES
(1, 15, 1, 1, 'มีการด าเนินการ 1 ข้อ'),
(2, 15, 2, 2, 'มีการด าเนินการ 2 หรือ 3 ข้อ'),
(3, 26, 1, 1, 'มีการดำเนินการ  1  ข้อ'),
(4, 26, 2, 2, 'มีการดำเนินการ  2 หรือ 3 ข้อ'),
(5, 26, 2, 3, ''),
(6, 26, 3, 4, 'มีการดำเนินการ    4 หรือ 5 ข้อ'),
(7, 26, 3, 5, ''),
(8, 26, 4, 6, 'มีการดำเนินการ  6 ข้อ'),
(9, 26, 5, 7, 'มีการดำเนินการ  7 ข้อ'),
(10, 27, 1, 1, 'มีการดำเนินการ  1  ข้อ'),
(11, 27, 2, 2, 'มีการดำเนินการ  2 ข้อ'),
(12, 27, 3, 3, 'มีการดำเนินการ    3 หรือ 4  ข้อ'),
(13, 27, 3, 4, 'มีการดำเนินการ    3 หรือ 4  ข้อ'),
(14, 27, 4, 5, 'มีการดำเนินการ  5 ข้อ'),
(15, 27, 5, 6, 'มีการดำเนินการ  6 ข้อ'),
(16, 15, 2, 3, 'มีการด าเนินการ 2 หรือ 3 ข้อ'),
(17, 15, 3, 4, 'มีการดำเนินการ 4 หรือ 5 ข้อ'),
(18, 15, 3, 5, 'มีการดำเนินการ 4 หรือ 5 ข้อ'),
(19, 15, 4, 6, 'มีการดำเนินการ 6 หรือ 7 ข้อ'),
(20, 15, 4, 7, 'มีการดำเนินการ 6 หรือ 7 ข้อ'),
(21, 15, 5, 8, 'มีการดำเนินการ 8 ข้อ'),
(22, 16, 1, 1, 'มีการดำเนินการ 1 ข้อ'),
(23, 16, 2, 2, 'มีการดำเนินการ 2 ข้อ'),
(24, 16, 3, 3, 'มีการดำเนินการ 3 ข้อ'),
(25, 16, 4, 4, 'มีการดำเนินการ 4 ข้อ '),
(26, 16, 5, 5, 'มีการดำเนินการ 5 ข้อ '),
(27, 29, 1, 1, 'มีการดำเนินการ 1 ข้อ'),
(28, 29, 2, 2, 'มีการดำเนินการ 2 หรือ 3 ข้อ'),
(29, 29, 2, 3, 'มีการดำเนินการ 2 หรือ 3 ข้อ'),
(30, 29, 3, 4, 'มีการดำเนินการ 4 หรือ 5 ข้อ'),
(31, 29, 3, 5, 'มีการดำเนินการ 4 หรือ 5 ข้อ'),
(32, 29, 4, 6, 'มีการดำเนินการ 6 ข้อ'),
(33, 29, 5, 7, 'มีการดำเนินการ 7 ข้อ'),
(34, 30, 1, 1, 'มีการดำเนินการ 1 ข้อ'),
(35, 30, 2, 2, 'มีการดำเนินการ 2 ข้อ'),
(36, 30, 3, 3, 'มีการดำเนินการ 3 ข้อ'),
(37, 30, 4, 4, 'มีการดำเนินการ 4 ข้อ'),
(38, 30, 5, 5, 'มีการดาเนินการ 5 ข้อ'),
(39, 19, 1, 1, 'มีการดำเนินการ 1 ข้อ'),
(40, 19, 2, 2, 'มีการดำเนินการ 2 ข้อ'),
(41, 19, 3, 3, 'มีการดำเนินการ 3 หรือ 4 ข้อ'),
(42, 19, 3, 4, 'มีการดำเนินการ 3 หรือ 4 ข้อ'),
(43, 19, 4, 5, 'มีการดำเนินการ 5 หรือ 6ข้อ'),
(44, 19, 4, 6, 'มีการดำเนินการ 5 หรือ 6 ข้อ'),
(45, 19, 5, 7, 'มีการดำเนินการ 7 ข้อ'),
(46, 20, 1, 1, 'มีการดำเนินการ 1 ข้อ'),
(47, 20, 2, 2, 'มีการดำเนินการ 2 หรือ 3 ข้อ'),
(48, 20, 2, 3, 'มีการดำเนินการ 2 หรือ 3 ข้อ'),
(49, 20, 3, 4, 'มีการดำเนินการ 4 หรือ 5 ข้อ'),
(50, 20, 3, 5, 'มีการดำเนินการ 4 หรือ 5 ข้อ'),
(51, 20, 4, 6, 'มีการดำเนินการ 6 ข้อ'),
(52, 20, 5, 7, 'มีการดำเนินการ 7 ข้อ'),
(53, 22, 1, 1, 'มีการดำเนินการ 1 ข้อ'),
(54, 22, 2, 2, 'มีการดำเนินการ 2 หรือ 3 ข้อ'),
(55, 22, 3, 3, 'มีการดำเนินการ 4 หรือ 5 ข้อ'),
(56, 22, 4, 4, 'มีการดำเนินการ 6 ข้อ'),
(57, 22, 5, 5, 'มีการดำเนินการ 7 ข้อ'),
(58, 32, 1, 1, 'มีการดำเนินการ 1 ข้อ'),
(59, 32, 2, 2, 'มีการดำเนินการ 2 ข้อ'),
(60, 32, 3, 3, 'มีการดำเนินการ 3 ข้อ'),
(61, 32, 4, 4, 'มีการดำเนินการ 4 ข้อ'),
(62, 32, 5, 5, 'มีการดำเนินการ 5 ข้อ'),
(63, 33, 1, 1, 'มีการดำเนินการ 1 ข้อ'),
(64, 33, 2, 2, 'มีการดำเนินการ 2 ข้อ'),
(65, 33, 3, 3, 'มีการดำเนินการ 3 ข้อ'),
(66, 33, 4, 4, 'มีการดำเนินการ 4 ข้อ'),
(67, 33, 5, 5, 'มีการดำเนินการ 5 ข้อ'),
(68, 35, 1, 1, 'มีการดำเนินการ 1 ข้อ'),
(69, 35, 2, 2, 'มีการดำเนินการ 2 ข้อ'),
(70, 35, 3, 3, 'มีการดำเนินการ 3 ข้อ'),
(71, 35, 4, 4, 'มีการดำเนินการ 4 ข้อ'),
(72, 35, 5, 5, 'มีการดำเนินการ 5 ข้อ'),
(73, 36, 1, 1, 'มีการดำเนินการ 1 ข้อ'),
(74, 36, 2, 2, 'มีการดำเนินการ 2 ข้อ'),
(75, 36, 3, 3, 'มีการดำเนินการ 3 ข้อ'),
(76, 36, 4, 4, 'มีการดำเนินการ 4 ข้อ'),
(77, 36, 5, 5, 'มีการดำเนินการ 5 ข้อ'),
(78, 37, 1, 1, 'มีการดำเนินการ 1 ข้อ'),
(79, 37, 2, 2, 'มีการดำเนินการ 2 ข้อ'),
(80, 37, 3, 3, 'มีการดำเนินการ 3 ข้อ'),
(81, 37, 4, 4, 'มีการดำเนินการ 4 ข้อ'),
(82, 37, 5, 5, 'มีการดำเนินการ 5 หรือ 6 ข้อ'),
(83, 38, 1, 1, 'มีการดำเนินการ 1 ข้อ'),
(84, 38, 2, 2, 'มีการดำเนินการ 2 หรือ 3 ข้อ'),
(85, 38, 3, 3, 'มีการดำเนินการ 4 หรือ 5 หรือ 6 ข้อ'),
(86, 38, 4, 4, 'มีการดำเนินการ 7 หรือ 8 ข้อ'),
(87, 38, 5, 5, 'มีการดำเนินการ 9 ข้อ');

-- --------------------------------------------------------

--
-- โครงสร้างตาราง `sar_elements`
--

CREATE TABLE IF NOT EXISTS `sar_elements` (
  `el_id` int(11) NOT NULL AUTO_INCREMENT,
  `el_time` int(11) NOT NULL COMMENT 'ลำดับ',
  `el_name` varchar(200) COLLATE utf8_unicode_ci NOT NULL COMMENT 'ชื่อองค์ประกอบ',
  `y_id` int(11) DEFAULT NULL,
  PRIMARY KEY (`el_id`)
) ENGINE=InnoDB  DEFAULT CHARSET=utf8 COLLATE=utf8_unicode_ci COMMENT='องค์ประกอบ' AUTO_INCREMENT=62 ;

--
-- dump ตาราง `sar_elements`
--

INSERT INTO `sar_elements` (`el_id`, `el_time`, `el_name`, `y_id`) VALUES
(1, 1, 'ปรัชญา', 15),
(5, 2, 'การผลิตบัณฑิต', 15),
(18, 3, 'กิจกรรมการพัฒนานักศีกษา', 15),
(47, 4, 'การประกอบอาชีพ', 15),
(48, 2, 'การผลิตบัณฑิต', 16),
(49, 3, 'กิจกรรมการพัฒนานิสิตนักศึกษา', 16),
(50, 4, 'การวิจัย', 16),
(51, 5, 'การบริการทางวิชาการแก่สังคม', 16),
(52, 6, 'การทำนุบำรุงศิลปวัฒนธรรม', 16),
(53, 1, 'ปรัชญา ปณิธาน วัตถุประสงค์และแผนดำนินการ', 1),
(54, 2, 'การผลิตบัณฑิต', 1),
(55, 3, 'กิจกรรมการพัฒนานิสิตนักศึกษา', 1),
(56, 1, 'asdas', 2),
(57, 4, 'การวิจัย', 1),
(58, 5, 'การบริการวิชาการแก่สังคม', 1),
(59, 6, 'การทำนุบำรุงศิลปวัฒนธรรม', 1),
(60, 9, 'ระบบและกลไกการประกันคุณภาพ', 1),
(61, 10, 'สถานศึกษา 3D', 1);

-- --------------------------------------------------------

--
-- โครงสร้างตาราง `sar_indicators`
--

CREATE TABLE IF NOT EXISTS `sar_indicators` (
  `in_id` int(11) NOT NULL AUTO_INCREMENT,
  `in_category` varchar(10) COLLATE utf8_unicode_ci DEFAULT 'สกอ' COMMENT 'หมวดหมู่ สกอ สมศ',
  `in_time` varchar(5) COLLATE utf8_unicode_ci DEFAULT '0' COMMENT 'ตัวบ่งชี้ที่',
  `in_name` varchar(300) COLLATE utf8_unicode_ci DEFAULT NULL,
  `in_type` varchar(50) COLLATE utf8_unicode_ci DEFAULT NULL COMMENT 'ชนิดตัวบ่งชี้',
  `in_good` text COLLATE utf8_unicode_ci COMMENT 'จุดแข็ง',
  `in_development` text COLLATE utf8_unicode_ci,
  `in_practices` text COLLATE utf8_unicode_ci,
  `el_id` int(11) DEFAULT NULL,
  `in_target` int(5) NOT NULL DEFAULT '0' COMMENT 'เป้าหมาย',
  `in_numerator` float NOT NULL DEFAULT '1' COMMENT 'ตัวตั้ง',
  `in_divisor` float NOT NULL DEFAULT '1' COMMENT 'ตัวหาร',
  `in_num_performance` float DEFAULT '0' COMMENT 'ผลการดำเนินงาน',
  `in_score` float NOT NULL DEFAULT '0' COMMENT 'คะแนนการประเมินตนเอง',
  `in_achieve` int(1) DEFAULT '0' COMMENT 'การบรรลุเป้าหมาย',
  `in_criteria` text COLLATE utf8_unicode_ci,
  `in_percent_add` double NOT NULL DEFAULT '0',
  `percent_old` double NOT NULL DEFAULT '0',
  PRIMARY KEY (`in_id`)
) ENGINE=InnoDB  DEFAULT CHARSET=utf8 COLLATE=utf8_unicode_ci COMMENT='ตัวบ่งชี้' AUTO_INCREMENT=39 ;

--
-- dump ตาราง `sar_indicators`
--

INSERT INTO `sar_indicators` (`in_id`, `in_category`, `in_time`, `in_name`, `in_type`, `in_good`, `in_development`, `in_practices`, `el_id`, `in_target`, `in_numerator`, `in_divisor`, `in_num_performance`, `in_score`, `in_achieve`, `in_criteria`, `in_percent_add`, `percent_old`) VALUES
(5, 'สกอ', '1.1', 'กระบวนการพัฒนาแผน', 'ข้อมูลนำเข้า', '', '', '', 1, 2, 1, 1, 0, 0, 0, '', 0, 0),
(10, 'สกอ', '2.1', 'ระบบและกลไกการพัฒนาและบริหารหลักสูตร (สกอ. 2.1 )', 'การะบวนการ', '', '', '', 48, 0, 1, 1, 0, 0, 0, '', 0, 0),
(11, 'สกอ', '2.2', 'อาจารย์ประจำที่มีคุณวุฒิปริญญาเอก (สกอ. 2.2)', 'การะบวนการ', '', '', '', 48, 18, 1, 1, 29.42, 5, 0, '', 0, 0),
(12, 'สกอ', '2.3', 'อาจารย์ประจำที่ดำรงตำแหน่งทางวิชาการ (สกอ. 2.3)', 'การะบวนการ', '', '', '', 48, 0, 1, 1, 0, 0, 0, '', 0, 0),
(13, 'สกอ', '2.4', 'ระบบการพัฒนาคณาจารย์และบุคลากรสายสนับสนุน (สกอ.2.4)', 'การะบวนการ', '', '', '', 48, 0, 1, 1, 0, 0, 0, '', 0, 0),
(14, 'สกอ', '2.7', 'ระบบและกลไกการพัฒนาสัมฤทธิผลการเรียนตามคุณลักษณะของบัณฑิต (สกอ. 2.7)', 'การะบวนการ', '', '', '', 48, 0, 1, 1, 0, 0, 0, '', 0, 0),
(15, 'สกอ.', '1.1', 'กระบวนการพัฒนาแผน', 'กระบวนการ', '', '', '', 53, 4, 0, 0, 8, 5, 1, NULL, 0, 0),
(16, 'สกอ.', '2.1', 'ระบบและกลไกการพัฒนาและบริหารหลักสูตร', 'การะบวนการ', '', '', '', 54, 3, 0, 0, 5, 5, 1, NULL, 0, 0),
(17, 'สกอ', '2.2', 'อาจารย์ประจำที่มีคุณวุฒิปริญญาเอก (สกอ. 2.2)', 'ข้อมูลนำเข้า', '<p>dk</p>', '', '', 54, 18, 4, 17, 23.5294, 5, 1, '', 0, 0),
(18, 'สกอ.', '2.3', 'อาจารย์ประจำที่ดำรงตำแหน่งทางวิชาการ', 'ข้อมูลนำเข้า', '', '', '', 54, 4, 1, 13, 7.69231, 5, 1, '', 0, 0),
(19, 'สกอ.', '2.4', '(สกอ.) ระบบการพัฒนาคณาจารย์และบุคลากรสายสนับสนุน', 'การะบวนการ', NULL, '', '', 54, 0, 1, 1, 0, 0, 0, '', 0, 0),
(20, 'สกอ.', '2.5', '(สกอ.) ห้องสมุด อุปกรณ์การศึกษา และสภาพแวดล้อมการเรียนรู้', 'ข้อมูลนำเข้า', NULL, '', '', 54, 0, 1, 1, 0, 0, 0, '', 0, 0),
(22, 'สกอ', '2.6', 'ระบบและกลไกการจัดการเรียนการสอน (สกอ. 2.6)', 'ผลผลิต', '', '', '', 54, 0, 0, 0, 0, 0, 0, '', 0, 0),
(26, 'สกอ', '3.1', 'ระบบและกลไกการให้คำปรึกษาและบริการด้านข้อมูลข่าวสาร (สกอ. 3.1)', 'การะบวนการ', '', '', '', 55, 5, 0, 0, 0, 0, 0, '', 0, 0),
(27, 'สกอ', '3.2', 'ระบบและกลไกการส่งเสริมกิจกรรมนักศึกษา (สกอ. 3.2)', 'การะบวนการ', '', '', '', 55, 5, 0, 0, 0, 0, 0, '', 0, 0),
(28, 'สกอ', '1', 'dsfdsf', 'การะบวนการ', '', '', '', 56, 0, 0, 0, 0, 0, 0, '', 0, 0),
(29, 'สกอ.', '4.1', 'ระบบและกลไกการพัฒนางานวิจัยหรืองานสร้างสรรค์', 'กระบวนการ', '<p>มหาวิทยาลัยมีระบบและกลไกการพัฒนางานวิจัยหรืองานสร้างสรรค์ มีการสนับสนุนพันธกิจด้านการวิจัยหรืองานสร้างสรรค์<br />หลากหลายช่องทาง และอาจารย์ในหลักสูตร มีการทาวิจัยเพื่อนามาพัฒนางานวิจัย การเรียนการสอน</p>', '', '', 57, 0, 0, 0, 0, 0, 0, '', 0, 0),
(30, 'สกอ', '4.2', '(สกอ.)ระบบและกลไกการจัดการความรู้จากงานวิจัยหรืองานสร้างสรรค์', 'กระบวนการ', '<p>มีระบบและกลไกในการจัดงานวิจัยและงานสร้างสรรค์ไปใช้ให้เกิดประโยชน์ และมีการสนับสนุนให้นาผลงานวิจัย รวมทั้ง<br />ผลงานสร้างสรรค์ไปเผยแพร่สู่สาธารณชนและผู้เกี่ยวข้อง ในระดับประเทศ</p>', '<p>ขาดการส่งเสริมเพื่อนาผลงานวิจัยและงานสร้างสรรค์ ไปใช้กับหน่วยงานภายนอกหรือชุมชน และการจดสิทธิบัตรเพื่อ<br />คุ้มครองสิทธิของงานวิจัยหรืองานสร้างสรรค์</p>', '', 57, 0, 0, 0, 0, 0, 0, '', 0, 0),
(31, 'สกอ', '4.3', 'เงินสนับสนุนงานวิจัยหรืองานสร้างสรรค์ต่อจานวนอาจารย์ประจาและนักวิจัยประจา', 'ข้อมูลนำเข้า', '<p>อาจารย์ในหลักสูตรมีการทาวิจัยและขอรับทุนอุดหนุนงานวิจัยเพิ่มขึ้น<br /><br /></p>', '<p>ควรสนับสนุนให้อาจารย์ในหลักสูตรทาวิจัยเพื่อขอทุนวิจัยให้มากขึ้น และควรมีการสนับสนุนให้อาจารย์ในหลักสูตรขอรับ<br />ทุนอุดหนุนงานวิจัยจากแหล่งสนับสนุนภายนอกมากขึ้น</p>', '', 57, 0, 0, 0, 0, 0, 1, NULL, 0, 0),
(32, 'สกอ.', '2.7', '(สกอ.) ระบบและกลไกการพัฒนาสัมฤทธิผลการเรียนตามคุณลักษณะของบัณฑิต', 'กระบวนการ', '', '', '', 54, 0, 0, 0, 0, 0, 0, '', 0, 0),
(33, 'สกอ.', '2.8', '(สกอ.) ระดับความสาเร็จของการเสริมสร้างคุณธรรมจริยธรรมที่จัดให้กับนักศึกษา', 'กระบวนการ', '', '', '', 54, 0, 0, 0, 0, 0, 0, '', 0, 0),
(35, 'สกอ.', '5.1', 'ระบบและกลไกการบริการทางวิชาการแก่สังคม', 'กระบวนการ', '<p>หลักสูตรวิทยาการคอมพิวเตอร์มีระบบและกลไกการบริการวิชาการที่ชัดเจนที่สามารถบูรณาการกับการเรียนการสอนงานวิจัยได้อย่างมีประสิทธิภาพจึงก่อให้เกิดกระบวนการบริการทางวิชาการให้เกิดประโยชน์ต่อสังคม</p>', '', '<p>1. บันทึกข้อตกลงความร่วมมือทางวิชาการ )MOU ( โครงการประชุมวิชาการปริญญาตรีด้านคอมพิวเตอร์ภูมิภาคอาเซียน )The ASEAN Undergraduate Conference in Computing: AUC2)<br />2. บันทึกข้อตกลงความร่วมมือทางวิชาการ )MOU (ระหว่างหลักสูตรวิทยาการคอมพิวเตอร์ คณะวิทยาศาสตร์และเทคโนโลยี สานักวิทยาบริการและเทคโนโลยีสารสนเทศ มหาวิทยาลัยราชภัฏสวนดุสิต และสานักสุขาภิบาลอาหารและน้า กรมอนามัย กระทรวงสาธารณสุข</p>', 58, 0, 0, 0, 0, 0, 0, '', 0, 0),
(36, 'สกอ.', '5.2', 'กระบวนการบริการทางวิชาการให้เกิดประโยชน์ต่อสังคม', 'กระบวนการ', '<p>หลักสูตรวิทยาการคอมพิวเตอร์ มีระบบและกลไกการบริการวิชาการที่ชัดเจน มีการทางานร่วมทั้งภายในและภายนอกองค์กรเพื่อใช้ความรู้ความสามารถของอาจารย์ประจาหลักสูตรให้เกิดประโยชน์สูงสุดต่อชุมชนและสังคม อีกทั้งยังมีการสารวจความต้องการขององค์กรภายนอก จึงก่อให้เกิดกระบวนการบริการทางวิชาการให้เกิดประโยชน์ต่อสังคม</p>', '', '<p>1. บันทึกข้อตกลงความร่วมมือทางวิชาการ )MOUมหาวิทยาลัย 24 กับ ( โครงการประชุมวิชาการปริญญาตรีด้านคอมพิวเตอร์ภูมิภาคอาเซียน )(The ASEAN Undergraduate Conference in Computing: AUC2)<br />2. บันทึกข้อตกลงความร่วมมือทางวิชาการ )MOUระหว่าง (หลักสูตรวิทยาการคอมพิวเตอร์ คณะวิทยาศาสตร์และเทคโนโลยี สานักวิทยาบริการและเทคโนโลยีสารสนเทศ มหาวิทยาลัยราชภัฏสวนดุสิต และสานักสุขาภิบาลอาหารและน้า กรมอนามัย กระทรวงสาธารณสุข</p>', 58, 4, 0, 0, 0, 0, 0, '', 0, 0),
(37, 'สกอ.', '6.1', 'ระบบและกลไกการทานุบารุงศิลปะและวัฒนธรรม', 'กระบวนการ', '<p>มีการกำหนดนโยบายและแผนงานในการทำนุบารุงศิลปวัฒนธรรม มีกิจกรรม / โครงการที่เป็นประโยชน์สอดคล้องกับแผนงานทำนุบารุงศิลปวัฒนธรรมอย่างต่อเนื่อง และ กำหนดให้นักศึกษามีส่วนร่วมในกิจกรรม</p>', '', '', 59, 5, 0, 0, 0, 0, 0, '', 0, 0),
(38, 'สกอ.', '9.1', 'ระบบและกลไกการประกันคุณภาพการศึกษาภายใน', 'กระบวนการ', '<p>หลักสูตรวิทยาการคอมพิวเตอร์มีระบบและกลไกการประกันคุณภาพการศึกษาภายในตามองค์ประกอบ</p>', '', '', 60, 6, 0, 0, 0, 0, 0, '', 0, 0);

-- --------------------------------------------------------

--
-- โครงสร้างตาราง `sar_performance`
--

CREATE TABLE IF NOT EXISTS `sar_performance` (
  `pe_id` int(11) NOT NULL AUTO_INCREMENT,
  `pe_data` text COLLATE utf8_unicode_ci,
  `pe_teacher` int(11) NOT NULL,
  `pe_monny` double NOT NULL,
  `pe_monny_avg` double NOT NULL,
  `pe_weight` double NOT NULL,
  `pe_score` double NOT NULL,
  `pe_have` int(1) DEFAULT '0' COMMENT 'มีหรือไม่',
  `pe_point` int(11) DEFAULT NULL COMMENT 'ข้อที่',
  `p_standard` text COLLATE utf8_unicode_ci COMMENT 'เกณฑ์มาตรฐาน',
  `p_performance` text COLLATE utf8_unicode_ci COMMENT 'ผลการดำเนินาน',
  `in_id` int(11) DEFAULT NULL COMMENT 'รหัสตัวบ่งชี้',
  PRIMARY KEY (`pe_id`)
) ENGINE=InnoDB  DEFAULT CHARSET=utf8 COLLATE=utf8_unicode_ci COMMENT='ผลการดำเนินงาน' AUTO_INCREMENT=153 ;

--
-- dump ตาราง `sar_performance`
--

INSERT INTO `sar_performance` (`pe_id`, `pe_data`, `pe_teacher`, `pe_monny`, `pe_monny_avg`, `pe_weight`, `pe_score`, `pe_have`, `pe_point`, `p_standard`, `p_performance`, `in_id`) VALUES
(56, '', 0, 0, 0, 0, 0, 1, 1, 'มีระบบและกลไกการเปิดหลักสูตรใหม่และปรับปรุงหลักสูตรตามแนวทางปฏิบัติที่กำหนดโดยคณะกรรมการการอุดมศึกษา และดำเนินการตามระบบที่กำหนด ', '', 10),
(57, '', 0, 0, 0, 0, 0, 1, 2, 'มีระบบและกลไกการปิดหลักสูตรตามแนวทางปฏิบัติที่กำหนดโดยคณะกรรมการการอุดมศึกษา และดำเนินการตามระบบที่กำหนด', '', 10),
(58, '', 0, 0, 0, 0, 0, 0, 3, 'ทุกหลักสูตรมีการดําเนินงานใหเปนไปตามเกณฑมาตรฐานหลักสูตรระดับอุดมศึกษา และ กรอบมาตรฐานคุณวุฒิระดับอุดมศึกษาแหงชาติ  (การดําเนินงานตามกรอบมาตรฐานคุณวุฒิ ระดับอุดมศึกษาแหงชาติ หมายถึง ตองมีการประเมินผลตาม "ตัวบงชี้ผลการดําเนินงานตามประกาศ มาตรฐานคุณวุฒิสาขาหรือสาขาวิชา เพื่อการประกันคุณภาพหลักสูตรและการเรียนการสอน"  กรณีที่ หลักสูตรใดยังไมมีประกาศมาตรฐานคุณวุฒิสาขาหรือสาขาวิชา ใหประเมินตามตัวบงชี้กลางที่กําหนดใน ภาคผนวก ก)  สําหรับหลักสูตรสาขาวิชาชีพตองไดรับการรับรองหลักสูตรจากสภาหรือองคกรวิชาชีพที่ เกี่ยวของดวย', '', 10),
(59, '', 0, 0, 0, 0, 0, 0, 4, 'มีคณะกรรมการรับผิดชอบควบคุมกํากับใหมีการดําเนินการไดครบถวนทั้งขอ 1 ขอ 2 และ ขอ 3   ขางตนตลอดเวลาที่จัดการศึกษา และมีการประเมินหลักสูตรทุกหลักสูตรอยางนอยตามกรอบเวลาที่กําหนดในเกณฑมาตรฐานหลักสูตร ฯ  กรณีหลักสูตรที่ดําเนินงานตามกรอบมาตรฐานคุณวุฒิระดับอุดมศึกษาแหง ชาติ จะตองควบคุมกํากับใหการดําเนินงานตามตัวบงชี้ในขอ 3 ผานเกณฑการประเมิน 5 ขอแรกและอยางนอยรอยละ 80 ของตัวบงชี้ที่กําหนดในแตละป ทุกหลักสูตร ', '', 10),
(60, '', 0, 0, 0, 0, 0, 0, 5, 'มีคณะกรรมการรับผิดชอบควบคุมกํากับใหมีการดําเนินการไดครบถวนทั้งขอ 1 ขอ 2 และ ขอ 3 ขางตนตลอดเวลาที่จัดการศึกษา และมีการพัฒนาหลักสูตรทุกหลักสูตรตามผลการประเมินในขอ 4 กรณีหลักสูตรที่ดําเนินงานตามกรอบมาตรฐานคุณวุฒิระดับอุดมศึกษาแหงชาติ จะตองควบคุมกํากับใหการดําเนินงานตามตัวบงชี้ในขอ 3 ผานเกณฑการประเมินครบทุกตัวบงชี้และทุกหลักสูตร', '', 10),
(61, '', 0, 0, 0, 0, 0, 0, 1, 'อาจารย์ประจำที่มีคุณวุฒิปริญญาเอก   ', '', 11),
(64, NULL, 0, 0, 0, 0, 0, 1, 2, '<p>มีการถ่ายทอดแผนกลยุทธ์ระดับสถาบันไปสู่ทุกหน่วยงานภายใน</p>', '<p>มีการถ่ายทอดแผนกลยุทธ์ของ<br />คณะฯ ไปสู่อาจารย์ทุกท่านเพื่อ<br />จัดทำแผนปฏิบัติราชการ<br />ปีงบประมาณ พ.ศ. 2556</p>', 15),
(65, NULL, 0, 0, 0, 0, 0, 1, 3, '<p>มีกระบวนการแปลงแผนกลยุทธ์เป็นแผนปฏิบัติการประจำปีครบ 4 พันธกิจ คือ ด้านการเรียนการสอน การวิจัย การบริการทางด้านวิชาการ และการทานุบารุงศิลปะและวัฒนธรรม</p>', '<p>มีการดำเนินงานแผนปฏิบัติราชการ<br />ปีงบประมาณ พ.ศ. 2556 ครบทั้ง<br />4 พันธกิจ คือ<br />- การเรียนการสอน<br />- การวิจัย<br />- การบริการทางด้านวิชาการ<br />การทำนุบำรุงศิลปะและวัฒนธรรม</p>', 15),
(66, NULL, 0, 0, 0, 0, 0, 1, 4, '<p>มีตัวบ่งชี้ของแผนกลยุทธ์ แผนปฏิบัติการประจำ ปีและค่าเป้าหมายของแต่ละตัวบ่งชี้เพื่อวัดความสำเร็จของการดำเนินงานตามแผนกลยุทธ์และแผนปฏิบัติการประจาปี</p>', '<p>มีการกำหนดตัวบ่งชี้ในแผนปฏิบัติ<br />ราชการ ปีงบประมาณ พ.ศ. 2556<br />ของหลักสูตร</p>', 15),
(67, NULL, 0, 0, 0, 0, 0, 1, 5, '<p>มีการดำเนินงานตามแผนปฏิบัติการประจำปีครบ 4 พันธกิจ</p>', '<p>มีปฏิทินการดำเนินงานโครงการ<br />ตามแผนปฏิบัติการประจำปีของ<br />ปีงบประมาณ พ.ศ. 2556</p>', 15),
(68, NULL, 0, 0, 0, 0, 0, 1, 6, '<p>มีการติดตามผลการดำเนินงานตามตัวบ่งชี้ของแผนปฏิบัติการประจำปีอย่างน้อยปีละ 2 ครั้ง และรายงานผลต่อผู้บริหารเพื่อพิจารณา</p>', '<p>1. มีการตั้งคณะกรรมการติดตาม<br />แผนปฎิบัติราชการ<br />2. มีการจัดทำรายงานติดตามแผน<br />ปฎิบัติราชการของหลักสูตร</p>', 15),
(70, NULL, 0, 0, 0, 0, 0, 1, 7, '<p>มีการประเมินผลการดำเนินงานตามตัวบ่งชี้ของแผนกลยุทธ์อย่างน้อยปีละ 1 ครั้ง และรายงานผลต่อผู้บริหารและสภาสถาบันเพื่อพิจารณา</p>', '<p>มีการจัดทำรายงานติดตามแผนกล<br />ยุทธ์ของหลักสูตร</p>', 15),
(71, NULL, 0, 0, 0, 0, 0, 1, 8, '<p>มีการนำผลการพิจารณา ข้อคิดเห็นและข้อเสนอแนะของสภาสถาบันไปปรับปรุงแผนกลยุทธ์และแผนปฏิบัติการประจำปี</p>', '<p>มีการจัดทำแผนปฏิบัติการประจำปี<br />โดยประชุมผู้รับผิดชอบในการ<br />ดำเนินงานตามข้อเสนอแนะ</p>', 15),
(73, NULL, 0, 0, 0, 0, 0, 1, 2, '<p>มีระบบและกลไกการปิดหลักสูตรตามแนวทางปฏิบัติที่กาหนดโดยคณะกรรมการการอุดมศึกษา และดำเนินการตามระบบที่กาหนด</p>', '<p>มีการนำคู่มือการเปิด-ปิดหลักสูตรมาใช้ในการดำเนินงานของหลักสูตร</p>', 16),
(74, NULL, 0, 0, 0, 0, 0, 1, 3, '<p>ทุกหลักสูตรมีการดำเนินงานให้เป็นไปตามเกณฑ์มาตรฐานหลักสูตรระดับอุดมศึกษา และกรอบมาตรฐานคุณวุฒิระดับอุดมศึกษาแห่งชาติ (การดำเนินงานตามกรอบมาตรฐานคุณวุฒิระดับอุดมศึกษาแห่งชาติหมายถึง ต้องมีการประเมินผลตาม&ldquo;ตัวบ่งชี้ผลการดำเนินงานตามประกาศมาตรฐานคุณวุฒิสาขาหรือสาขาวิชา เพื่อการประกันคุณภาพหลักสูตรและการเรียนการสอน&rdquo;กรณีที่หลักสูตรใดยังไม่มีประกาศมาตรฐานคุณวุฒิสาขาหรือสาขาวิชาให้ประเมินตามตัวบ่งชี้กลางที่กาหนดในภาคผนวก ก )สาหรับหลักสูตรสาขาวิชาชีพต้องได้รับการรับรองหลักสูตรจากสภาหรือองค์กรวิชาชีพที่เกี่ยวข้องด้วย (หมายเหตุ : สาหรับหลักสูตรเก่าหรือหลักสูตรปรับปรุงที่ยังไม่ได้ดำเนินการตามกรอบมาตรฐานคุณวุฒิระดับอุดมศึกษาแห่งชาติก่อนปีการศึกษา 2555 ให้ยึดตามเกณฑ์มาตรฐานหลักสูตรระดับอุดมศึกษา พ.ศ. 2548)</p>', '<p>มีการดำเนินงานตามเกณฑ์มาตรฐานหลักสูตรระดับอุดมศึกษา&nbsp;และกรอบมาตรฐานคุณวุฒิระดับอุดมศึกษาแห่งชาติ พ.ศ. 2552 ทีการดำเนินงานเป็นไปตามข้อกำหนดทุกข้อ&nbsp;หมายเหตุ 1. ควรเพิ่ม มคอ.7ของปีที่ผ่านมาประกอบ (2555)ผลการประเมินคุณภาพหลักสูตรตามกรอบมาตรฐานคุณวุฒิฯ ของปีที่ผ่านมา (2555)</p>', 16),
(75, NULL, 0, 0, 0, 0, 0, 1, 4, '<p>มีคณะกรรมการรับผิดชอบควบคุมกากับให้มีการดำเนินการได้ครบถ้วนทั้งข้อ 1 ข้อ 2 และข้อ 3ข้างต้นตลอดเวลาที่จัดการศึกษาและมีการประเมินหลักสูตรทุกหลักสูตรอย่างน้อยตามกรอบเวลาที่กาหนดในเกณฑ์มาตรฐานหลักสูตรฯ กรณีหลักสูตรที่ดาเนินงานตามกรอบมาตรฐานคุณวุฒิระดับอุดมศึกษาแห่งชาติจะต้องควบคุมกากับให้การดาเนินงานตามตัวบ่งชี้ในข้อ 3 ผ่านเกณฑ์การให้คะแนน 5 ข้อแรกและอย่างน้อยร้อยละ 80 ของตัวบ่งชี้ที่กำหนดในแต่ละปี ทุกหลักสูตร</p>', '<p>มีคณะกรรมการรับผิดชอบควบคุมกำกั บให้มีการดำเนินการได้ครบถ้วนทั้งข้อ 1 ข้อ 2 และข้อ3&nbsp;ข้างต้นตลอดเวลาที่จัดการศึกษา โดยมีการแต่งตั้งคณะกรรมการพัฒนาหลักสูตร กำหนดหน้าที่ให้ดูแลรับผิดชอบ การพัฒนาหลักสูตรการปรับปรุงหลักสูตร และมีการแต่งตั้งคณะกรรมการการประกันคุณภาพหลักสูตรและมีการประเมินหลักสูตรอย่างน้อยปีละครั้งตามกรอบเวลาที่กำหนดในเกณฑ์มาตรฐานหลักสูตร</p>', 16),
(76, NULL, 0, 0, 0, 0, 0, 1, 5, '<p>มีคณะกรรมการรับผิดชอบควบคุมกากับให้มี การดำเนินการได้ครบถ้วนทั้งข้อ 1 ข้อ 2 และข้อ 3ข้างต้นตลอดเวลาที่จัดการศึกษาและมีการพัฒนาหลักสูตรทุกหลักสูตรตามผลการประเมินในข้อ 4 กรณีหลักสูตรที่ดำเนินงานตามกรอบมาตรฐาน คุณวุฒิระดับอุดมศึกษาแห่งชาติ จะต้องควบคุมกากับให้การดาเนินงานตามตัวบ่งชี้ในข้อ 3 ผ่านเกณฑ์การให้คะแนนครบ ทุกตัวบ่งชี้และทุกหลักสูตร</p>', '<p>มีการแต่งตั้งคณะกรรมการรับผิดชอบควบคุมกำกับการดำเนินงานได้ครบถ้วนทั้งข้อ 1,2 และ 3</p>', 16),
(77, NULL, 0, 0, 0, 0, 0, 0, 6, '<p>มีความร่วมมือในการพัฒนาและบริหารหลักสูตรระหว่างสถาบันกับภาครัฐหรือภาคเอกชนที่เกี่ยวข้องกับวิชาชีพของหลักสูตรมากกว่าร้อยละ 30 ของจำนวนหลักสูตรวิชาชีพทั้งหมดทุกระดับการศึกษา</p>', '', 16),
(78, NULL, 0, 0, 0, 0, 0, 1, 1, '<p>มีการจัดทำแผนกลยุทธ์ที่สอดคล้องกับนโยบายของสภาสถาบัน โดยการมีส่วนร่วมของบุคลากรในสถาบัน และได้รับความเห็นชอบจากสภาสถาบัน โดยเป็นแผนที่เชื่อมโยงกับปรัชญาหรือปณิธานและพระราชบัญญัติสถาบัน ตลอดจนสอดคล้องกับจุดเน้นของกลุ่มสถาบัน กรอบแผนอุดมศึกษาระยะยาว 15 ปีฉบับที่ 2 (พ.ศ.2551 &ndash; 2565) และแผนพัฒนาการศึกษาระดับอุดมศึกษา ฉบับที่ 10 (พ.ศ.2551 &ndash; 2554)</p>', '<p>มีการดำเนินการตามแผนกลยุทธ์<br />ของคณะวิทยาศาสตร์และ<br />เทคโนโลยี โดยมีการประชุม<br />คณะกรรมการหลักสูตรฯ เพื่อจัดทำ<br />แผนปฎิบัติราชการปีงบประมาณ<br />พ.ศ. 2556</p>', 15),
(79, NULL, 0, 0, 0, 0, 0, 1, 1, '<p>มีระบบและกลไกการเปิดหลักสูตรใหม่และปรับปรุงหลักสูตรตามแนวทางปฏิบัติที่กำหนดโดยคณะกรรมการการอุดมศึกษา และดำเนินการตามระบบที่กำหนด</p>', '<p>มีการนำคู่มือการเปิด-ปิดหลักสูตรของมหาวิทยาลัยมาใช้เป็นแนวทางการดำเนินงาน</p>', 16),
(80, NULL, 0, 0, 0, 0, 0, 1, 1, '<p>มีแผนการบริหารและการพัฒนาคณาจารย์ทั้งด้านวิชาการ เทคนิคการสอนและการวัดผลและมีแผนการบริหารและพัฒนาบุคลากรสายสนับสนุนที่มีการวิเคราะห์ข้อมูลเชิงประจักษ์</p>', '<p>มีการจัดทาแผนบริหารและการพัฒนาของ<br />อาจารย์ครบตามภารกิจ</p>', 19),
(81, NULL, 0, 0, 0, 0, 0, 1, 2, '<p>มีการบริหารและการพัฒนาคณาจารย์และบุคลากรสายสนับสนุนให้เป็นไปตามแผนที่กำหนด</p>', '<p>มีการจัดทากรอบกระบวนการติดตามการนา<br />ความรู้จากการอบรมไปใช้และมีคณะกรรมการ<br />กากับดูแลให้เป็นไปตามแผนที่กาหนด</p>', 19),
(82, NULL, 0, 0, 0, 0, 0, 1, 3, '<p>มีสวัสดิการเสริมสร้างสุขภาพที่ดี และสร้างขวัญและกำลังใจให้คณาจารย์และบุคลากรสายสนับสนุนสามารถทำงานได้ อย่างมีประสิทธิภาพ</p>', '<p>อาจารย์ของหลักสูตรมีสวัสดิการเสริมสร้าง<br />สุขภาพที่ดี มีการสร้างขวัญและกาลังใจ เช่น การ<br />ตรวจสุขภาพประจาปี การบริการสหกรณ์ออม<br />ทรัพย์</p>', 19),
(83, NULL, 0, 0, 0, 0, 0, 1, 4, '<p>มีระบบการติดตามให้คณาจารย์และบุคลากรสายสนับสนุนนาความรู้และทักษะที่ได้ จากการพัฒนามาใช้ในการจัดการเรียนการสอนและการวัดผลการเรียนรู้ของนักศึกษาตลอดจนการปฏิบัติงานที่เกี่ยวข้อง</p>', '<p>มีการจัดทากรอบกระบวนการติดตามการนา<br />ความรู้จากการอบรมไปใช้ในการจัดการเรียนการ<br />สอน และมีการจัดตั้งคณะกรรมการเพื่อกากับ<br />ดูแลให้การดาเนินงานเป็นไปตามแผนที่กาหนดไว้</p>', 19),
(84, NULL, 0, 0, 0, 0, 0, 1, 5, '<p>มีการให้ความรู้ด้านจรรยาบรรณอาจารย์และบุคลากรสายสนับสนุน และดูแลควบคุมให้คณาจารย์และบุคลากรสายสนับสนุนถือปฏิบัติ</p>', '<p>มีการให้ความรู้ด้านจรรยาบรรณกับอาจารย์และ<br />บุคลากรสายสนับสนุนเพื่อให้ถือปฏิบัติ</p>', 19),
(85, NULL, 0, 0, 0, 0, 0, 1, 6, '<p>มีการประเมินผลความสำเร็จของแผนการบริหารและการพัฒนาคณาจารย์และบุคลากรสายสนับสนุน</p>', '<p>มีแผนการบริหารและการพัฒนาอาจารย์และ<br />บุคลากรสายสนับสนุน<br />หมายเหตุ ควรเพิ่มเติมการประเมินผล<br />ความสาเร็จของแผนการบริหารและการพัฒนาอาจารย์และบุคลากรสายสนับสนุน</p>', 19),
(86, '', 0, 0, 0, 0, 0, 0, 7, 'มีการนาผลการประเมินไปปรับปรุงแผนหรือปรับปรุงการบริหารและการพัฒนาคณาจารย์ และบุคลากรสายสนับสนุน', NULL, 19),
(87, NULL, 0, 0, 0, 0, 0, 1, 1, '<p>มีการจัดการหรือจัดบริการเพื่อให้นักศึกษามีเครื่องคอมพิวเตอร์ใช้ในอัตราไม่สูงกว่า 8 FTES ต่อเครื่อง</p>', '<p>มีการจัดบริการให้นักศึกษามีเครื่องคอมพิวเตอร์<br />ใช้ตามอัตราที่กาหนด</p>', 20),
(88, NULL, 0, 0, 0, 0, 0, 1, 1, '<p>มีการจัดบริการให้คำปรึกษาทางวิชาการและแนะแนวการใช้ชีวิตแก่นักศึกษา</p>', '<p>ศูนย์การเรียนรางน้ำ มีการจัดบริการให้คาปรึกษาทางวิชาการและแนะแนวการใช้ชีวิตแก่นักศึกษา</p>', 26),
(89, NULL, 0, 0, 0, 0, 0, 1, 2, '<p>มีการจัดบริการข้อมูลข่าวสารที่เป็นประโยชน์ต่อนักศึกษา&nbsp;</p>', '<p>มีการบริการข้อมูลข่าวสารที่เป็นประโยชน์ต่อนักศึกษาโดยประชาสัมพันธ์ผ่านเวปไซต์และเฟซบุคของหลักสูตร</p>', 26),
(90, NULL, 0, 0, 0, 0, 0, 1, 3, '<p>มีการจัดกิจกรรมเพื่อพัฒนาประสบการณ์ทางวิชาการและวิชาชีพแก่นักศึกษา</p>', '<p>มีการจัดกิจกรรมเพื่อพัฒนาประสบการณ์ทางวิชาการและวิชาชีพแก่นักศึกษาง</p>', 26),
(91, NULL, 0, 0, 0, 0, 0, 1, 4, '<p>มีการจัดบริการข้อมูลข่าวสารที่เป็นประโยชน์ต่อศิษย์เก่า</p>', '<p>มีการบริการข้อมูลข่าวสารที่เป็นประโยชน์ต่อศิษย์เก่าโดยมีการประชาสัมพันธ์ผ่านทางเวปไซต์และเฟซบุคของหลักสูตร</p>', 26),
(92, NULL, 0, 0, 0, 0, 0, 1, 5, '<p>มีการจัดกิจกรรมเพื่อพัฒนาความรู้และประสบการณ์ให้ศิษย์เก่า</p>', '<p>มีการบริการข้อมูลข่าวสารที่เป็นประโยชน์ต่อศิษย์เก่า</p>', 26),
(93, NULL, 0, 0, 0, 0, 0, 1, 6, '<p>มีผลการประเมินคุณภาพของการให้บริการในข้อ 1 &ndash; 3 ทุกข้อไม่ต่ำกว่า 3.51 จากคะแนนเต็ม 5&nbsp;</p>', '<p>มีผลการประเมินภาพรวมทั้งห้องเรียน , ห้องปฏิบัติการคอมพิวเตอร์, ห้องวิทยบริการฯ,ห้องน้า , โรงหาร , สถานที่และสภาพแวดล้อม, ระบบสาธารณูปดภคและรักษาความปลอดภัย, การบริการ<br />แหล่งจ้อมูลข่าวสารที่เป็นประโยชน์แก่นักศึกษา, การจัดการบริการให้ค่าปรึกษาทางวิชาการและแนะแนว,การให้บริการของเจ้าหน้าที่รวมเฉลี่ย3.51</p>', 26),
(94, NULL, 0, 0, 0, 0, 0, 1, 7, '<p>มีการนำผลการประเมินคุณภาพของการให้บริการมาใช้เป็นข้อมูลในการพัฒนาการจัดบริการที่สนองความต้องการของนักศึกษา</p>', '', 26),
(95, NULL, 0, 0, 0, 0, 0, 1, 1, '<p>มหาวิทยาลัยจัดทำแผนการจัดกิจกรรมพัฒนานักศึกษาที่ส่งเสริมผลการเรียนรู้ตามกรอบมาตรฐานคุณวุฒิระดับอุดมศึกษาแห่งชาติทุกด้าน</p>', '<p>มีแผนการดาเนินงานและกิจกรรมพัฒนานักศึกษาปี 2556 ของคณะวิทยาศาสตร์และเทคโนโลยี<br />หมายเหตุ ควรแยกเป็น 5 ด้านให้ชัดเจน<br />- วิชาการ<br />- จริยธรรมและคุณภาพ<br />- บาเพ็ญประโยชน์<br />- กีฬาและส่งเสริมสุขภาพ<br />- ศิลปวัฒนธรรม</p>', 27),
(96, NULL, 0, 0, 0, 0, 0, 1, 1, '<p>มีระบบและกลไกบริหารงานวิจัย<br />หรืองานสร้างสรรค์ เพื่อให้บรรลุ<br />เป้าหมายตามแผนด้านการวิจัย<br />ของสถาบัน และดำเนินการตาม<br />ระบบที่กำหนด</p>', '<p>มีการนำระบบและกลไกของระดับ<br />มหาวิทยาลัยมาใช้ในการสนับสนุนการ<br />ดำเนินงานด้านการวิจัย</p>', 29),
(97, NULL, 0, 0, 0, 0, 0, 1, 2, '<p>มีการบูรณาการกระบวนการวิจัย<br />หรืองานสร้างสรรค์กับการจัดการ<br />เรียน การสอน</p>', '<p>มีการจัดทางานวิจัยในชั้นเรียนเพื่อ<br />พัฒนาการเรียนการสอน เช่นการวิจัย<br />เปรียบเทียบผลสัมฤทธิ์ทางการเรียน<br />ระหว่างนักศึกษาที่เรียนด้วยเทคนิคการ<br />สอนแบบจับกลุ่มทดสอบย่อยหลัง<br />บทเรียนกับนักศึกษาที่เรียนแบบปกติ<br />เป็นต้น</p>', 29),
(98, NULL, 0, 0, 0, 0, 0, 1, 3, '<p>มีการพัฒนาศักยภาพด้านการ<br />วิจัยหรืองานสร้างสรรค์ และให้<br />ความรู้ด้านจรรยาบรรณการวิจัย<br />แก่อาจารย์ประจาและนักวิจัย<br />ประจา</p>', '<p>1. บุคลากรของหลักสูตรฯ เข้าร่วม<br />กิจกรรมพัฒนาศักยภาพงานวิจัย ได้แก่<br />การสัมมนาเชิงปฏิบัติการเรื่อง &ldquo;การ<br />พัฒนานักวิจัยเบื้องต้น&rdquo;<br />2. บุคลากรของหลักสูตรฯ เข้าร่วม<br />กิจกรรมให้ความรู้ด้านจรรยาบรรณฯ<br />ได้แก่ การอบรมการตัดลอกงาน<br />วิชาการและวรรณกรรม</p>', 29),
(99, NULL, 0, 0, 0, 0, 0, 1, 4, '<p>มีการจัดสรรงบประมาณของ<br />สถาบันเพื่อเป็นทุนวิจัยหรืองาน<br />สร้างสรรค์</p>', '<p>อาจารย์ในหลักสูตรได้รับทุนงานวิจัย<br />ทั้งจากหน่วยงานภายนอกและจาก<br />สถาบันวิจัย</p>', 29),
(100, NULL, 0, 0, 0, 0, 0, 1, 5, '<p>มีการสนับสนุนพันธกิจด้าน<br />การวิจัยหรืองานสร้างสรรค์<br />ตามอัตลักษณ์ของสถาบันอย่าง<br />น้อยในประเด็นต่อไปนี้<br />- ห้องปฏิบัติการวิจัยฯ/หน่วย<br />วิจัยฯ/ศูนย์เครื่องมือ หรือศูนย์<br />ให้คาปรึกษาและสนับสนุนการ<br />วิจัยฯ<br />- ห้องสมุด/แหล่งค้นคว้าข้อมูล<br />สนับสนุนการวิจัย<br />- สิ่งอานวยความสะดวกหรือ<br />การรักษาความปลอดภัยในการ<br />วิจัยฯ เช่น ระบบเทคโนโลยี<br />สารสนเทศ ระบบรักษาความ<br />ปลอดภัยในห้องปฏิบัติการวิจัย<br />- กิจกรรมวิชาการที่ส่งเสริม<br />งานวิจัยฯ เช่น การจัดประชุม<br />วิชาการ การจัดแสดงงาน<br />สร้างสรรค์การจัดให้มี<br />ศาสตราจารย์อาคันตุกะหรือ<br />ศาสตราจารย์รับเชิญ(visiting<br />professor)</p>', '<p>มีการใช้ facilities ของมหาวิทยาลัย<br />เ ช่น ห้องปฏิบัติการห้องสมุด<br />ฐานข้อมูล เป็นต้น</p>', 29),
(101, NULL, 0, 0, 0, 0, 0, 1, 6, '<p>มีการติดตามและประเมินผล<br />การสนับสนุนในข้อ 4 และข้อ 5<br />อย่างครบถ้วนทุกประเด็น</p>', '<p>มีการประเมินสิ่งอานวยความสะดวก<br />เช่นห้องสมุด และฐานข้อมูล</p>', 29),
(102, NULL, 0, 0, 0, 0, 0, 0, 7, '<p>มีการนาผลการประเมินไป<br />ปรับปรุงการสนับสนุนพันธกิจ<br />ด้านการวิจัยหรืองานสร้างสรรค์<br />ของสถาบัน</p>', '', 29),
(103, NULL, 0, 0, 0, 0, 0, 0, 8, '<p>มีระบบและกลไกเพื่อสร้าง<br />งานวิจัยหรืองานสร้างสรรค์บน<br />พื้นฐานภูมิปัญญาท้องถิ่นหรือ<br />จากสภาพปัญหาของสังคม เพื่อ<br />ตอบสนองความต้องการของ<br />ท้องถิ่นและสังคม และดาเนินการ<br />ตามระบบที่กาหนด</p>', '', 29),
(104, NULL, 0, 0, 0, 0, 0, 1, 1, '<p>มีระบบและกลไกสนับสนุน<br />การเผยแพร่ผลงานวิจัยหรือ<br />งานสร้างสรรค์ในการประชุม<br />วิชาการหรือการตีพิมพ์ใน<br />วารสารระดับชาติห รือ<br />นานาชาติ และมีการเผยแพร่<br />ผลงานวิจัยหรืองานสร้างสรรค์<br />ในการประชุมวิชาการหรือการ<br />ตีพิมพ์ในวารสารระดับชาติ<br />หรือนานาชาติ</p>', '<p>มีการนาระบบและกลไกสนับสนุนการเผยแพร่<br />งานวิจัยฯของระดับมหาวิทยาลัยมาใช้</p>', 30),
(105, NULL, 0, 0, 0, 0, 0, 1, 2, '<p>มีร ะ บ บ แ ล ะ ก ล ไ ก ก า ร<br />รวบรวม คัดสรร วิเคราะห์<br />และสังเคราะห์ความรู้จาก<br />งานวิจัยหรืองานสร้างสรรค์<br />เพื่อให้เป็นองค์ความรู้ที่คน<br />ทั่วไปเข้าใจได้ และ<br />ดาเนินการตามระบบ ที่<br />กาหนด</p>', '<p>มีการนาระบบและกลไกของมหาวิทยาลัยมาใช้</p>', 30),
(106, NULL, 0, 0, 0, 0, 0, 1, 3, '<p>มีการประชาสัมพันธ์และ<br />เผยแพร่องค์ความรู้จาก<br />งานวิจัยหรืองานสร้างสรรค์ที่ได้จากข้อ 2 สู่สาธารณชนและ<br />ผู้เกี่ยวข้อง</p>', '<p>มีก า ร เ ผ ย แ พ ร่อ ง ค์ค ว า ม รู้ผ่า น ก า ร<br />Congerenceและการตีพิมพ์ในวารสารวิชาการ</p>', 30),
(107, NULL, 0, 0, 0, 0, 0, 1, 4, '<p>มีการนาผลงานงานวิจัยหรือ<br />งานสร้างสรรค์ไปใช้ให้เกิด<br />ประโยชน์ และมีการรับรอง<br />การใช้ประโยชน์จริงจาก<br />หน่วยงานภายนอกหรือชุมชน</p>', '<p>มีการนางานสร้างสรรค์ ได้แก่ ระบบคลังข้อมูล<br />สถานประกอบการกิจการด้านอาหารที่ถูกหลัก<br />สุขาภิบาลอาหารของประทศไทย</p>', 30),
(108, NULL, 0, 0, 0, 0, 0, 1, 5, '<p>มีระบบและกลไกเพื่อช่วยใน<br />การคุ้มครองสิทธิของงานวิจัย<br />หรืองานสร้างสรรค์ที่นาไปใช้<br />ประโยชน์และดาเนินการตาม<br />ระบบ ที่กาหนด</p>', '<p>1. มีการใช้ระบบและกลไกของมหาวิทยาลัย<br />2. มีก า ร ส่ง เ ส ริม ใ ห้ตีพิม พ์ง า น วิจัย ใ น<br />วารสารวิชาการ เพื่อเสริมสร้างการป้องกันการ<br />Plagiarism</p>', 30),
(109, NULL, 0, 0, 0, 0, 0, 1, 2, '<p>มีบริการห้องสมุดและแหล่งเรียนรู้อื่นๆผ่านระบบเครือข่ายคอมพิวเตอร์ และมีการฝึกอบรมการใช้งานแก่นักศึกษาทุกปีการศึกษา</p>', '<p>มีการจัดบริการห้องสมุดแหล่งการเรียนรู้อื่นๆครบถ้วน เช่น ระบบสืบค้นข้อมูลในฐานข้อมูลวิทยานิพนธ์หมายเหตุ ข้อมูลเกี่ยวกับ e-Learning ด้วยเพราะมีวิชาการศึกษาทั่วไปครบทุกรายวิชา</p>', 20),
(110, NULL, 0, 0, 0, 0, 0, 1, 3, '<p>มีบริการด้านกายภาพที่เหมาะสมต่อการจัดการเรียนการสอนและการพัฒนานักศึกษา อย่างน้อยในด้านห้องเรียนห้องปฏิบัติการ อุปกรณ์การศึกษา และจุดเชื่อมต่ออินเตอร์เน็ตในระบบไร้สาย</p>', '<p>มีผลการดาเนินงานที่สะท้อนให้ทันถึงความเหมาะสมในด้านกายภาพในการจัดการเรียนการสอน</p>', 20),
(111, NULL, 0, 0, 0, 0, 0, 1, 4, '<p>มีบริการสิ่งอานวยความสะดวกที่จาเป็นอื่นๆ อย่างน้อยในด้านงานทะเบียนนัก ศึก ษ า ผ่า น ร ะ บ บเครือข่ายคอมพิวเตอร์การบริการอนามัยและการรักษาพยาบาล การจัดการหรือจัดบริการด้านอาหาร และสนามกีฬา</p>', '<p>มีการจัดบริการด้านงานทะเบียนนักศึกษาผ่านระบบเครือข่ายคอมพิวเตอร์การบริการอนามัยฯและการบริการด้านอาหาร</p>', 20),
(112, NULL, 0, 0, 0, 0, 0, 1, 5, '<p>มีระบบสาธารณูปโภคและรักษาความปลอดภัยของอาคารตลอดจนบริเวณโดยรอบ อย่างน้อยในเรื่องประปา ไฟฟ้า ระบบกาจัดของเสีย การจัดการขยะรวมทั้งมีระบบและอุปกรณ์ป้องกันอัคคีภัยในบริเวณอาคารต่าง ๆ โดยเป็นไปตามกฎหมายที่เกี่ยวข้อง</p>', '<p>หลักสูตรวิทยาการคอมพิวเตอร์เป็นหลักสูตรที่จัดการเรียนการสอน ณ ห้องเรียนศูนย์การศึกษารางน้ำ ซึ่งมีระบบสาธารณูปโภคและการรักษาความปลอดภัย การกำจัดขยะ และมีระบบอุปกรณ์</p>\r\n<p>ป้องกันนอัคคีภัยในบริเวณอาคารตามที่กฎหมายกำหนด</p>', 20),
(113, NULL, 0, 0, 0, 0, 0, 1, 6, '<p>มีผลการประเมินคุณภาพของบริการในข้อ 2 &ndash; 5ทุกข้อไม่ต่ำกว่า 3.51 จากคะแนนเต็ม 5</p>', '<p>มีการสำรวจความพึงพอใจใจในการบริการสิ่งอำนวยความสะดวกของศูนย์การเรียนรางน้ำและหลักสูตรวิทยากรคอมพิวเตอร์ประจำปีการศึกษา 2556</p>', 20),
(114, NULL, 0, 0, 0, 0, 0, 1, 7, '<p>มีการนำผลการประเมินคุณภาพในข้อ 6 มาใช้เป็นข้อมูลในการพัฒนาการจัดบริการด้านกายภาพที่สนองความต้องการของผู้รับบริการ</p>', '', 20),
(115, NULL, 0, 0, 0, 0, 0, 1, 1, '<p>มีระบบและกลไกการประกันคุณภาพการจัดการเรียนการสอนที่เน้นผู้เรียนเป็นสำคัญทุกหลักสูตร</p>', '<p>มีคำสั่งแต่งตั้งคณะกรรมการฝ่ายการประกันคุณภาพการศึกษา โดยมีหน้าที่บริหารจัดการกลไกการประกันฯ</p>', 22),
(116, NULL, 0, 0, 0, 0, 0, 1, 2, '<p>ทุกรายวิชามีรายละเอียดของรายวิชาและของประสบการณ์ภาคสนาม(ถ้ามี)ก่อนการเปิดสอนในแต่ละภาคการศึกษา ตามที่กำหนดในกรอบมาตรฐานคุณวุฒิระดับอุดมศึกษาแห่งชาติ</p>', '<p>มีรายละเอียดของรายวิชา แสดงใน มคอ.3ประสบการณ์ภาคสนามใน มคอ.4 ตามกรอบมาตรฐานคุณวุฒิระดับอุดมศึกษา</p>', 22),
(117, NULL, 0, 0, 0, 0, 0, 1, 3, '<p>ทุกหลักสูตรมีรายวิชาที่ส่งเสริมทักษะการเรียนรู้ด้วยตนเอง และการให้ผู้เรียนได้เรียนรู้จากการปฏิบัติทั้งในและนอกห้องเรียนหรือจากการทาวิจัย</p>', '<p>มีรายวิชาสัมมนางานวิจัยทางวิทยาการคอมพิวเตอร์ ที่ส่งเสริมให้นักศึกษาได้ทักษะค้นคว้า และสามารถเรียนรู้ได้ด้วยตนเอง และยังมีการทำบันทึกข้อตกลงความร่วมมือทางวิชาการ (MOU) โครงการประชุมวิชาการปริญญาตรีด้านคอมพิวเตอร์ภูมิภาคอาเซียน (TheASEAN Undergraduate Conference inComputing: AUC2) เพื่อให้นักศึกษาเข้าร่วมเพื่อเกิดการแลกเปลี่ยนเรียนรู้</p>', 22),
(118, NULL, 0, 0, 0, 0, 0, 1, 4, '<p>มีการให้ผู้มีประสบการณ์ทางวิชาการหรือวิชาชีพจากหน่วยงานหรือชุมชนภายนอกเข้ามามีส่วนร่วมในกระบวนการเรียนการสอนทุกหลักสูตร</p>', '<p>มีการเชิญวิทยากรจากหน่วยงานภายนอกเข้ามาให้ความรู้และประสบการณ์ในวิชาชีพ</p>', 22),
(119, NULL, 0, 0, 0, 0, 0, 1, 5, '<p>มีการจัดการเรียนรู้ที่พัฒนาจากการวิจัย หรือจากกระบวนการจัดการความรู้เพื่อพัฒนาการเรียนการสอน</p>', '<p>มีการดาเนินการวิจัยในชั้นเรียน และนาโครงการการประยุกต์ใช้ Application บนโทรศัพท์มือถือระบบปฏิบัติการ Andriod มาประยุกต์ใช้ในการเพิ่มพูนความรู้แก่นักศึกษา</p>', 22),
(120, NULL, 0, 0, 0, 0, 0, 1, 6, '<p>มีการประเมินความพึงพอใจของผู้เรียนที่มีต่อคุณภาพการจัดการเรียนการสอนและสิ่งสนับสนุนการเรียนรู้ทุกรายวิชา ทุกภาคการศึกษาโดยผลการประเมินความพึงพอใจแต่ละรายวิชาต้องไม่ต่ากว่า 3.51 จากคะแนนเต็ม 5</p>', '<p>บุคลากรในหลักสูตรฯ มีผลการประเมินความพึงพอใจทุกรายวิชาที่จัดการเรียนการสอน มากกว่า 3.51</p>', 22);
INSERT INTO `sar_performance` (`pe_id`, `pe_data`, `pe_teacher`, `pe_monny`, `pe_monny_avg`, `pe_weight`, `pe_score`, `pe_have`, `pe_point`, `p_standard`, `p_performance`, `in_id`) VALUES
(121, NULL, 0, 0, 0, 0, 0, 1, 7, '<p>มีการพัฒนาหรือปรับปรุงการจัดการเรียนการสอน กลยุทธ์การสอนหรือการประเมินผลการเรียนรู้ ทุกรายวิชา ตามผลการประเมินรายวิชา</p>', '<p>มีการทาวิจัยในชั้นเรียน และประเมินผลการเรียนรู้ตามผลการประเมินรายวิชา แสดงใน มคอ.5 เพื่อใช้พัฒนาปรับปรุงการจัดการเรียนการสอนปรากฏในรายงานการประชุม</p>', 22),
(122, NULL, 0, 0, 0, 0, 0, 1, 1, '<p>มีการสำรวจคุณลักษณะของบัณฑิตที่พึงประสงค์ตามความต้องการของผู้ใช้บัณฑิต อย่างน้อยสาหรับทุกหลักสูตรระดับปริญญาตรี ทุกรอบระยะเวลาตามแผนกำหนดการศึกษาของหลักสูตร</p>', '<p>มีการสำรวจคุณลักษณะของบัณฑิตที่พึงประสงค์จากผู้มีส่วนได้ส่วนเสียกับหลักสูตรฯปรากฏใน มคอ.2 และมีแผนจะทาการสำรวจในปีการศึกษา 2557</p>', 32),
(123, NULL, 0, 0, 0, 0, 0, 1, 2, '<p>มีการนำผลจากข้อ 1 มาใช้ในการปรับปรุงหลักสูตร การจัดการเรียนการสอน การวัดผลการศึกษาและสัมฤทธิผลทางการเรียนที่ส่งเสริมทักษะอาชีพและคุณลัก ษณะ ของบัณฑิตที่พึงประสงค์ ตามความต้องการของผู้ใช้บัณฑิต</p>', '<p>มีการนำผลที่ได้จากการสารวจคุณลักษณะของบัณฑิตที่พึงประสงค์ มาทาการจัดการเรียนการสอน และกิจกรรมที่ส่งเสริมคุณลักษณะของบัณฑิตที่พึงประสงค์ของผู้ใช้บัณฑิต</p>', 32),
(124, NULL, 0, 0, 0, 0, 0, 1, 3, '<p>มีการส่งเสริมสนับสนุนทรัพยากรทั้งด้านบุคลากร เทคโนโลยีสารสนเทศ และงบประมาณที่เอื้อต่อการพัฒนาคุณลักษณะของบัณฑิต</p>', '<p>มีการจัดสรรงบประมาณ ทุกๆ ด้าน ที่เอื้อต่อการพัฒนาคุณภาพบัณฑิต สนับสนุนทรัพยากรทั้งด้านบุคลากร และเทคโนโลยีสารสนเทศ</p>', 32),
(125, NULL, 0, 0, 0, 0, 0, 1, 4, '<p>มีระบบและกลไกการส่งเสริมให้นักศึกษาระดับปริญญาตรีและบัณฑิตศึกษาเข้าร่วมกิจกรรมการประชุมวิชาการหรือนาเสนอผลงานทางวิชาการในที่ประชุมระหว่างสถาบัน หรือที่ประชุมระดับชาติหรือนานาชาติ</p>', '<p>มีระบบและกลไกที่สนับสนุนให้นักศึกษาเข้าร่วมประชุมทางวิชาการ ปรากฏในรายงานการประชุม และมีการทาบันทึกข้อตกลงความร่วมมือทางวิชาการ (MOU) โครงการประชุมวิชาการปริญญาตรีด้านคอมพิวเตอร์ภูมิภาคอาเซียน(The EAN UndergraduateConference in Computing: AUC2) เพื่อให้นักศึกษาเข้าร่วม</p>', 32),
(126, NULL, 0, 0, 0, 0, 0, 1, 5, '<p>มีกิจกรรมเสริมสร้างคุณธรรมจริยธรรมให้แก่นักศึกษาระดับปริญญาตรีและบัณฑิตศึกษาที่จัดโดยสถาบัน</p>', '<p>มีการจัดกิจกรรมเสริมสร้างคุณธรรมจริยธรรมให้แก่บัณฑิต ผ่านกิจกรรมถวายเทียนจานาพรรษา และให้นักศึกษาเข้าร่วมกิจ ก ร ร ม คุณ ธร ร ม จ ริย ธ ร ร ม ที่ค ณ ะวิทยาศาสตร์และเทคโนโลยีดำเนินการ</p>', 32),
(127, NULL, 0, 0, 0, 0, 0, 1, 1, '<p>มีการกำหนดพฤติกรรมด้านคุณธรรมจริยธรรมสำหรับนักศึกษาที่ต้องการส่งเสริมไว้เป็นลายลักษณ์อักษร</p>', '<p>มีก า ร กำ ห น ด พ ฤ ติก ร ร ม ด้า น คุณ ธ ร ร มจริยธรรม ของนักศึกษาปรากฏใน มคอ.2</p>', 33),
(128, NULL, 0, 0, 0, 0, 0, 1, 2, '<p>มีการถ่ายทอดหรือเผยแพร่พฤติกรรมด้านคุณธรรมจริยธรรมสำหรับนักศึกษาที่ต้องการส่งเสริมตามข้อ 1 ไปยังผู้บริหารคณาจารย์ นักศึกษาและผู้เกี่ยวข้องทราบอย่างทั่วถึงทั้งสถาบัน</p>', '<p>มีการถ่ายทอดพฤติกรรมด้านคุณธรรมจริยธรรมของนักศึกษาผ่านป้ายประชาสัมพันธ์เวปไซต์และเฟสบุค</p>', 33),
(129, NULL, 0, 0, 0, 0, 0, 1, 3, '<p>มีโครงการหรือกิจกรรมส่งเสริมการพัฒนาพฤติกรรมด้านคุณธรรมจริยธรรมที่กำหนดในข้อ 1 โดยระบุตัวบ่งชี้และเป้าหมายวัดความสาเร็จที่ชัดเจน</p>', '<p>มีการจัดกิจกรรมถวายเทียนจานาพรรษาเพื่อพัฒนาพฤติกรรมด้านคุณธรรมจริยธรรมของนักศึกษา</p>', 33),
(130, NULL, 0, 0, 0, 0, 0, 1, 4, '<p>มีการประเมินผลโครงการหรือกิจกรรมส่งเสริมคุณธรรมจริยธรรมของนักศึกษาตามตัวบ่งชี้และเป้าหมายที่กำหนดในข้อ 3โดยมีผลการประเมินบรรลุเป้าหมายอย่างน้อยร้อยละ90 ของตัวบ่งชี้</p>', '<p>มีการประเมินผลของกิจกรรม บรรลุเป้าหมายผ่านเกณฑ์เป้าหมายมากกว่าร้อยละ 90</p>', 33),
(131, NULL, 0, 0, 0, 0, 0, 1, 5, '<p>มีนักศึกษาหรือกิจกรรมที่เกี่ยวกับนักศึกษาได้รับการยกย่องชมเชย ประกาเกียรติคุณด้านคุณธรรมจริยธรรมโดยหน่วยงานหรือองค์กรระดับชาติ</p>', '<p>หลักสูตรฯ ยังไม่มีนักศึกษาหรือกิจกรรมที่ได้รับการยกย่องชมเชย</p>', 33),
(132, NULL, 0, 0, 0, 0, 0, 1, 2, '<p>มีกิจกรรมให้ความรู้และทักษะการประกันคุณภาพการศึกษาแก่นักศึกษา</p>', '<p>มีกิจกรรมให้ความรู้และทักษะการประกันคุณภาพการศึกษาแก่นักศึกษาทั้งที่จัดในหน่วยงานและร่วมกับ 9 ราชภัฏเครือข่าย</p>', 27),
(133, NULL, 0, 0, 0, 0, 0, 1, 3, '<p>มีการส่งเสริมให้นักศึกษานำความรู้ด้านการประกันคุณภาพไปใช้ในการจัดกิจกรรมที่ดาเนินการโดยนักศึกษาอย่างน้อย 5 ประเภทสำหรับระดับปริญญาตรี และอย่างน้อย 2 ประเภทสำหรับระดับบัณฑิตศึกษาจากกิจกรรมต่อไปนี้<br />- กิจกรรมวิชาการที่ส่งเสริมคุณลักษณะบัณฑิตที่พึงประสงค์<br />- กิจกรรมกีฬาหรือการส่งเสริมสุขภาพ<br />- กิจกรรมบาเพ็ญประโยชน์หรือรักษาสิ่งแวดล้อม<br />- กิจกรรมเสริมสร้างคุณธรรมและจริยธรรม<br />- กิจกรรมส่งเสริมศิลปะแลวัฒนธรรม</p>\r\n<p>&nbsp;</p>', '<p>มีการส่งเสริมให้นักศึกษานาความรู้ด้านการประกันคุณภาพไปใช้ในการจัดกิจกรรมที่ดำเนินการโดยนักศึกษาอย่างน้อย 5 ประเภท</p>', 27),
(134, NULL, 0, 0, 0, 0, 0, 1, 4, '<p>มีการสนับสนุนให้นักศึกษาสร้างเครือข่ายพัฒนาคุณภาพภายในสถาบันและระหว่างสถาบันและมีกิจกรรมร่วมกัน</p>', '<p>มีการสนับสนุนให้นักศึกษาสร้างเครือข่ายพัฒนาคุณภาพภายในสถาบันและระหว่างสถาบันและมีกิจกรรมร่วมกัน</p>', 27),
(135, NULL, 0, 0, 0, 0, 0, 1, 5, '<p>มีการประเมินความสำเร็จตามวัตถุประสงค์ของแผนการจัดกิจกรรมพัฒนานักศึกษา</p>', '<p>มีการสรุปผลการจัดกิจกรรมแผนการ<br />ดำเนินงานกิจกรรมพัฒนานักศึกษาปี2556 ของคณะวิทยาศาสตร์และเทคโนโลยี</p>', 27),
(136, NULL, 0, 0, 0, 0, 0, 1, 6, '<p>มีการนำผลการประเมินไ ปปรับปรุงแผนหรือปรับปรุงการจัดกิจกรรมเพื่อพัฒนานักศึกษา</p>', '<p>มีการนาผลการประเมินไปปรับปรุงแผนการดำเนินงานกิจกรรมพัฒนานักศึกษา ปี 2557</p>', 27),
(137, NULL, 0, 0, 0, 0, 0, 1, 1, '<p>มีระบบและกลไกการบริการทางวิชาการแก่สังคม และดำเนินการตามระบบที่กาหนด</p>', '<p>มีระบบและกลไกการบริการวิชาการแก่สังคมที่ชัดเจน มีคณะกรรมการรับผิดชอบดำเนินงานตามแผนงาน</p>', 35),
(138, NULL, 0, 0, 0, 0, 0, 1, 2, '<p>มีการบูรณาการงานบริการทางวิชาการแก่สังคมกับการเรียนการสอน</p>', '<p>มีการบูรณาการงานบริการทางวิชาการแก่สังคมกับการเรียนการสอน โดยให้นักศึกษามีส่วนร่วมในกิจกรรมบริการทางวิชาการแก่สังคมที่หลากหลาย</p>', 35),
(139, NULL, 0, 0, 0, 0, 0, 1, 3, '<p>มีการบูรณาการงานบริการทางวิชาการแก่สังคมกับการวิจัย</p>', '<p>มีการบูรณาการงานบริการทางวิชาการแก่สังคมกับการวิจัย ได้แก่ โครงการบูรณาการความร่วมมือทางวิชาการเพื่อส่งเสริมศักยภาพบุคลากรและนักศึกษาหลักสูตร โดยมีการทาบันทึกข้อตกลงความร่วมมือทางวิชาการ(MOU) โครงการประชุมวิชาการปริญญาตรีด้านคอมพิวเตอร์ภูมิภาคอาเซียน ( TheASEAN Undergraduate Conference inComputing: AUC2) และมีผลงานวิจัย เรื่อง&ldquo;Distributed Visualization Rendering for&nbsp;medical Datasets on Grid Computing&nbsp;Environment&rdquo; และผลงานวิจัยเรื่อง &ldquo;ระบบการแจ้งเตือนการล้มของผู้สูงอายุ&rdquo; นำเสนอในงานประชุมวิชาการ The ASEAN&nbsp;Undergraduate Conference in Computing(AUC2) ได้มีการบันทึกข้อตกลงความร่วมมือทางวิชาการ (MOU) ระหว่างหลักสูตรวิทยาการคอมพิวเตอร์ คณะวิทยาศาสตร์และเทคโนโลยี สานักวิทยาบริการและเทคโนโลยีสารสนเทศ มหาวิทยาลัยราชภัฏสวนดุสิต และสานักสุขาภิบาลอาหารและน้า กรมอนามัยกระทรวงสาธารณสุข และผลงานวิจัยเรื่อง<br />&ldquo;ระบบคลังข้อมูลสถานประกอบกิจการด้านอาหารที่ถูกหลักสุขาภิบาลอาหารของประเทศไทย ปีงบประมาณ 2556&rdquo; ตีพิมพ์ในวารสารสุขาภิบาลและน้า ปีที่ 5 ฉบับที่ 1 เดือนตุลาคม 2556 &ndash; มกราคม 2557</p>', 35),
(140, NULL, 0, 0, 0, 0, 0, 1, 4, '<p>มีการประเมินผลความสำเร็จของการบูรณาการงานบริการทางวิชาการแก่สังคมกับการเรียนการสอนและการวิจัย</p>', '<p>มีการประเมินผลความสำเร็จของการบูรณาการงานบริการวิชาการแก่สังคมกับการเรียนการสอนและการวิจัย เช่นโครงการส่งเสริมภาพลักษณ์หลักสูตรวิทยาการคอมพิวเตอร์และเผยแพร่ความรู้สู่ชุมชน และโครงการสร้างเว็บอีคอมเมิร์ซทันใจด้วย Prestashop</p>', 35),
(141, NULL, 0, 0, 0, 0, 0, 1, 5, '<p>มีการนาผลการประเมินไปปรับปรุงการบูรณาการงานบริการทางวิชาการแก่สังคมกับการเรียนการสอนและการวิจัย</p>', '<p>มีการนำผลการประเมินในข้อไปปรับปรุงการบูรณาการงานบริการวิชาการแก่สังคมกับการเรียนการสอนและการวิจัยปรากฏในรายงานการประชุม</p>', 35),
(142, NULL, 0, 0, 0, 0, 0, 1, 1, '<p>มีการสำรวจความต้องการของชุมชนหรือภาครัฐ หรือภาคเอกชน หรือหน่วยงานวิชาชีพ เพื่อประกอบการกำหนดทิศทางและการจัดทำแผนการบริการทางวิชาการตามจุดเน้นของสถาบัน</p>', '<p>มีการสำรวจความต้องการฝึกอบรมคอมพิวเตอร์ จากผู้บริหารและคณะครูโรงเรียนไทยรัฐวิทยา 64 แล้วนำข้อมูลดังกล่าวมาจัดทำแผนการบริการวิชาการและกำหนดทิศทางการให้บริการ</p>', 36),
(143, NULL, 0, 0, 0, 0, 0, 1, 2, '<p>มีความร่วมมือด้านบริการทางวิชาการเพื่อการเรียนรู้และเสริมสร้างความเข้มแข็งของชุมชนหรือภาคเอกชน หรือภาครัฐ หรือ<br />หน่วยงานวิชาชีพ</p>', '<p>มีความร่วมมือด้านบริการทางวิชาการเพื่อการเรียนรู้และเสริมสร้างความเข้มแข็งของชุมชน หรือภาคเอกชน หรือภาครัฐ หรือหน่วยงานวิชาชีพ โดยมีบันทึกข้อตกลงความร่วมมือทางวิชาการ (MOU) กับ 24มหาวิทยาลัย ในโครงการประชุมวิชาการปริญญาตรีด้านคอมพิวเตอร์ภูมิภาคอาเซียน และบันทึกข้อตกลงความร่วมมือทางวิชาการ (MOU) ระหว่างหลักสูตรฯกับสานักวิทยาบริการและเทคโนโลยีสารสนเทศ มหาวิทยาลัยราชภัฏสวนดุสิตและสานักสุขาภิบาลอาหารและน้า กรมอนามัย กระทรวงสาธารณสุข ในการพัฒนาระบบฐานข้อมูลและสารสนเทศด้านสุขาภิบาลอาหารและน้านอกจากนี้ยัง<br />ส่งเสริม และสนับสนุนให้อาจารย์ในหลักสูตรเป็นวิทยากร คณะกรรมการผู้เชี่ยวชาญ และผู้ทรงคุณวุฒิ ทางด้านวิชาการ กับหน่วยงานภายนอก เช่น ดร.ณัฏฐา ผิวมา เป็นผู้เชี่ยวชาญตรวจสอบ<br />คุณภาพเครื่องมือการวิจัย มหาวิทยาลัยราชภัฏเพชรบุรี ดร.ศิริพร ฉิมพลี เป็นผู้ทรงคุณวุฒิกลั่นกรองบทความวารสารวิทยาการคอมพิวเตอร์ มหาวิทยาลัยราชภัฏอุบลราชธานี</p>', 36),
(144, NULL, 0, 0, 0, 0, 0, 1, 3, '<p>มีการประเมินประโยชน์หรือผลกระทบของการให้บริการทางวิชาการต่อสังคม</p>', '<p>มีการประเมินประโยชน์หรือผลกระทบของการให้บริการทางวิชาการต่อสังคม โดยคณะกรรมการดาเนินการโครงการ/กิจกรรมนั้นๆ จัดทาเป็นสรุปผลประเมินโครงการ อาทิโครงการสร้างเว็บอีคอมเมิร์ซทันใจด้วย Prestashop โครงการส่งเสริมภาพลักษณ์หลักสูตรวิทยาการคอมพิวเตอร์และเผยแพร่ความรู้สู่ชุมชน</p>', 36),
(145, NULL, 0, 0, 0, 0, 0, 1, 4, '<p>มีการนาผลการประเมินในข้อ 3 ไปพัฒนาระบบและกลไก หรือกิจกรรมการให้บริการทางวิชาการ</p>', '<p>มีการนาผลการประเมินโครงการสร้างเว็บอีคอมเมิร์ซทันใจด้วย Prestashopโครงการส่งเสริมภาพลักษณ์หลักสูตรวิทยาการคอมพิวเตอร์และเผยแพร่ความรู้สู่ชุมชน ไปพัฒนากิจกรรมการให้บริการทาง<br />วิชาการ ปรากฏในรายงานการประชุมหลักสูตร</p>', 36),
(146, NULL, 0, 0, 0, 0, 0, 1, 5, '<p>มีการพัฒนาความรู้ที่ได้จากการให้บริการทางวิชาการและถ่ายทอดความรู้สู่บุคลากรภายในสถาบันและเผยแพร่สู่สาธารณชน</p>', '<p>มีการรวบรวมความรู้ที่ได้จากการให้บริการทางวิชาการและถ่ายทอดความรู้สู่บุคลากรภายในมหาวิทยาลัยและเผยแพร่สู่สาธารณชน ผ่านสื่อช่องทางต่างๆ ได้แก่website ของหลักสูตร Fanpage ของ<br />หลักสูตร วารสารสุขาภิบาลและน้า ปีที่ 5</p>', 36),
(147, NULL, 0, 0, 0, 0, 0, 1, 1, '<p>มีระบบและกลไกการทำนุบารุงศิลปะและวัฒนธรรมและดำเนินการตามระบบที่กำหนด</p>', '<p>มีการกำหนดระบบและกลไกทางด้านการทำนุบำรุงศิลปะและวัฒนธรรมดังนี้<br />1. มีการกาหนดนโยบายที่สอดคล้องกับมหาวิทยาลัย<br />2. มีการกาหนดนโยบายที่สอดคล้องกับศูนย์การเรียนรางน้า<br />3. มีคาสั่งแต่งตั้งคณะกรรมการดำเนินงานทำนุบารุงศิลปะวัฒนศูนย์การเรียนรางน้ำ</p>', 37),
(148, NULL, 0, 0, 0, 0, 0, 1, 2, '<p>มีการบูรณาการงานด้านทำนุบำรุงศิลปะและวัฒนธรรมกับการจัดการเรียนการสอนและกิจกรรมนักศึกษา</p>', '<p>มีการบูรณาการงานด้านทานุบำรุงศิลปะและวัฒนธณรมกับการจัดการเรียนการสอนวิชา กฏหมายและจริยธรรมสาหรับนักคอมพิวเตอร์</p>', 37),
(149, NULL, 0, 0, 0, 0, 0, 1, 3, '<p>มีการเผยแพร่กิจกรรมหรือการบริการด้านทำนุบำรุงศิลปะและวัฒนธรรมต่อสาธารณชน</p>', '<p>มีการเผยแพร่กิจกรรมตามแผนทำนุบำรุงศิลปะและวัฒนธรรมทา&nbsp;เว็บไซต์ของหลักสูตรและมหาวิทยาลัย</p>', 37),
(150, NULL, 0, 0, 0, 0, 0, 1, 4, '<p>มีการประเมินผลความสำเร็จของการบูรณาการงานด้านทำนุบำรุงศิลปะและวัฒนธรรมกับการจัดการเรียนการสอนและกิจกรรมนักศึกษา</p>', '<p>มีการประเมินผลความสำเร็จของการบูรณาการด้านทานุบำรุงศิลปะและวัฒนธรรมกับการจัดการเรียนการสอนและกิจกรรมนักศึกษาในรายงานการประชุมของหลักสูตร</p>', 37),
(151, NULL, 0, 0, 0, 0, 0, 1, 5, '<p>มีการนำผลการประเมินไปปรับปรุงการบูรณาการงานด้านทำนุบารุงศิลปะและวัฒนธรรมกับการจัดการเรียนการสอนและกิจกรรมนักศึกษา</p>', '<p>มีการนำผลการประเมินในข้อ 4 จากมคอ.5 ในรายวิชากฎหมายและจริยธรรมสำหรับนักคอมพิวเตอร์ไปสู่การปรับปรุงใน มคอ.3ในรายวิชากฎหมายและจริยธรรมสาหรับนักคอมพิวเตอร์ในปีการศึกษา 2557</p>', 37),
(152, NULL, 0, 0, 0, 0, 0, 1, 6, '<p>มีการกำหนดหรือสร้างมาตรฐานคุณภาพด้านศิลปะและวัฒนธรรมและมีผลงานเป็นที่ยอมรับในระดับชาติ</p>', '', 37);

-- --------------------------------------------------------

--
-- โครงสร้างตาราง `sar_self`
--

CREATE TABLE IF NOT EXISTS `sar_self` (
  `se_id` int(11) NOT NULL AUTO_INCREMENT,
  `se_goal` int(3) NOT NULL COMMENT 'เป้าหมาย',
  `se_results` int(3) NOT NULL COMMENT 'ผลการดำเนินาน',
  `se_score` int(4) NOT NULL COMMENT 'คะแนนการประเมินตนเอง',
  `se_achieve` int(1) NOT NULL COMMENT 'บรรลุหรือไม่',
  PRIMARY KEY (`se_id`)
) ENGINE=InnoDB DEFAULT CHARSET=utf8 COLLATE=utf8_unicode_ci COMMENT='การประเมินตนเอง' AUTO_INCREMENT=1 ;

-- --------------------------------------------------------

--
-- โครงสร้างตาราง `sar_table`
--

CREATE TABLE IF NOT EXISTS `sar_table` (
  `tb_id` int(11) NOT NULL AUTO_INCREMENT COMMENT 'รหัสตาราง',
  `tb_name` varchar(1000) COLLATE utf8_unicode_ci NOT NULL COMMENT 'ชื่อตาราง',
  `tb_detail` varchar(30) COLLATE utf8_unicode_ci NOT NULL COMMENT 'คำอธิบายตาราง',
  `tb_value` int(3) DEFAULT NULL,
  PRIMARY KEY (`tb_id`),
  UNIQUE KEY `tb_value` (`tb_value`)
) ENGINE=InnoDB  DEFAULT CHARSET=utf8 COLLATE=utf8_unicode_ci COMMENT='หมวดหมู่ตาราง' AUTO_INCREMENT=8 ;

--
-- dump ตาราง `sar_table`
--

INSERT INTO `sar_table` (`tb_id`, `tb_name`, `tb_detail`, `tb_value`) VALUES
(1, 'personnel', 'บุคลากร', 0),
(3, 'sar_year', 'ปีและรอบที่ประเมิน', 1),
(4, 'sar_elements', 'องค์ประกอบ', 2),
(5, 'sar_indicators', 'ตัวบ่งชี้', 3),
(6, 'sar_performance', 'ผลการดำเนินงาน', 4),
(7, 'sar_self', 'การประเมินตนเอง', 5);

-- --------------------------------------------------------

--
-- โครงสร้างตาราง `sar_year`
--

CREATE TABLE IF NOT EXISTS `sar_year` (
  `y_id` int(11) NOT NULL AUTO_INCREMENT,
  `y_name` varchar(4) COLLATE utf8_unicode_ci DEFAULT NULL,
  `y_time` int(3) DEFAULT NULL,
  `y_date` varchar(9) COLLATE utf8_unicode_ci DEFAULT NULL,
  PRIMARY KEY (`y_id`)
) ENGINE=InnoDB  DEFAULT CHARSET=utf8 COLLATE=utf8_unicode_ci AUTO_INCREMENT=3 ;

--
-- dump ตาราง `sar_year`
--

INSERT INTO `sar_year` (`y_id`, `y_name`, `y_time`, `y_date`) VALUES
(1, '2556', 0, NULL),
(2, '2557', 0, NULL);

-- --------------------------------------------------------

--
-- โครงสร้างตาราง `teaching`
--

CREATE TABLE IF NOT EXISTS `teaching` (
  `te_id` int(11) NOT NULL AUTO_INCREMENT COMMENT 'รหัสเอกสาร',
  `te_name` varchar(1000) COLLATE utf8_unicode_ci NOT NULL COMMENT 'ชื่อเอกสาร',
  `p_id` int(11) NOT NULL COMMENT 'รหัสบุคลากร',
  PRIMARY KEY (`te_id`)
) ENGINE=InnoDB DEFAULT CHARSET=utf8 COLLATE=utf8_unicode_ci COMMENT='เอกสารประกอบการสอน' AUTO_INCREMENT=1 ;

-- --------------------------------------------------------

--
-- โครงสร้างตาราง `train`
--

CREATE TABLE IF NOT EXISTS `train` (
  `t_id` int(11) NOT NULL AUTO_INCREMENT COMMENT 'รหัสอบรม',
  `t_name` varchar(1000) COLLATE utf8_unicode_ci NOT NULL COMMENT 'ชื่ออบรม',
  `p_id` int(11) NOT NULL COMMENT 'รหัสบุคลากร',
  PRIMARY KEY (`t_id`)
) ENGINE=InnoDB  DEFAULT CHARSET=utf8 COLLATE=utf8_unicode_ci COMMENT='อบรม' AUTO_INCREMENT=2 ;

--
-- dump ตาราง `train`
--

INSERT INTO `train` (`t_id`, `t_name`, `p_id`) VALUES
(1, 'การอบรม', 1);

-- --------------------------------------------------------

--
-- โครงสร้างตาราง `work`
--

CREATE TABLE IF NOT EXISTS `work` (
  `w_id` int(11) NOT NULL AUTO_INCREMENT COMMENT 'รหัสผลงานทางวิชาการ',
  `w_name` varchar(1000) COLLATE utf8_unicode_ci NOT NULL COMMENT 'ชื่อผลงานทางวิชาการ',
  `p_id` int(11) DEFAULT NULL,
  PRIMARY KEY (`w_id`)
) ENGINE=InnoDB  DEFAULT CHARSET=utf8 COLLATE=utf8_unicode_ci COMMENT='ผลงานวิชาการ' AUTO_INCREMENT=2 ;

--
-- dump ตาราง `work`
--

INSERT INTO `work` (`w_id`, `w_name`, `p_id`) VALUES
(1, 'ผลงานวิชาการ', 1);

/*!40101 SET CHARACTER_SET_CLIENT=@OLD_CHARACTER_SET_CLIENT */;
/*!40101 SET CHARACTER_SET_RESULTS=@OLD_CHARACTER_SET_RESULTS */;
/*!40101 SET COLLATION_CONNECTION=@OLD_COLLATION_CONNECTION */;